depth,threshold,feature,value,branches
1,0.13707144558429718,0,,"[1, 34]"
2,0.6103869080543518,1,,"[2, 15]"
3,0.06715241074562073,0,,"[3, 6]"
4,0.4173841178417206,1,,"[4, 5]"
5,,,"[0, 329, 0, 0, 0, 0, 0, 0, 0, 0, 0, 0, 0, 0, 0, 0, 0, 0, 0, 0]",
5,,,"[0, 0, 0, 0, 0, 0, 0, 0, 0, 0, 0, 8, 0, 0, 0, 0, 0, 0, 0, 0]",
4,0.5456501692533493,1,,"[7, 14]"
5,-0.9328786432743073,2,,"[8, 11]"
6,0.4812847226858139,1,,"[9, 10]"
7,,,"[0, 0, 0, 36, 0, 0, 0, 0, 0, 0, 0, 0, 0, 0, 0, 0, 0, 0, 0, 0]",
7,,,"[0, 0, 0, 0, 0, 0, 0, 0, 0, 0, 0, 1, 0, 0, 0, 0, 0, 0, 0, 0]",
6,0.09647997096180916,0,,"[12, 13]"
7,,,"[0, 0, 0, 0, 0, 0, 0, 0, 0, 0, 0, 3, 0, 0, 0, 0, 0, 4, 0, 0]",
7,,,"[0, 0, 0, 0, 0, 0, 0, 0, 0, 0, 0, 4, 11, 0, 0, 0, 0, 0, 0, 0]",
5,,,"[0, 0, 0, 0, 0, 0, 0, 0, 0, 0, 482, 0, 0, 0, 0, 0, 0, 0, 0, 0]",
3,-0.761193037033081,3,,"[16, 21]"
4,-0.3170033246278763,2,,"[17, 18]"
5,,,"[0, 0, 0, 0, 0, 0, 0, 0, 0, 0, 230, 0, 0, 0, 0, 0, 0, 0, 0, 0]",
5,-0.15723974630236626,2,,"[19, 20]"
6,,,"[0, 0, 0, 0, 0, 0, 0, 0, 0, 0, 0, 1, 0, 0, 0, 0, 0, 0, 0, 0]",
6,,,"[0, 0, 0, 0, 0, 0, 0, 0, 0, 0, 68, 0, 0, 0, 0, 0, 0, 0, 0, 0]",
4,0.12781458953395486,3,,"[22, 29]"
5,0.06471146270632744,0,,"[23, 26]"
6,0.04848923720419407,0,,"[24, 25]"
7,,,"[0, 0, 0, 0, 0, 0, 0, 0, 0, 0, 73, 0, 0, 0, 0, 0, 0, 0, 0, 0]",
7,,,"[0, 0, 3466, 0, 0, 0, 169, 0, 0, 0, 495, 0, 0, 0, 0, 0, 0, 0, 0, 0]",
6,-0.11164246499538422,3,,"[27, 28]"
7,,,"[0, 0, 0, 0, 0, 0, 0, 0, 0, 0, 345, 0, 0, 0, 0, 0, 0, 0, 0, 0]",
7,,,"[0, 0, 631, 0, 0, 0, 0, 3, 0, 0, 163, 0, 0, 0, 0, 0, 0, 0, 0, 0]",
5,0.6866157650947571,1,,"[30, 31]"
6,,,"[0, 0, 290, 0, 0, 0, 0, 0, 0, 0, 0, 0, 0, 0, 0, 0, 0, 0, 0, 0]",
6,-0.8958642184734344,2,,"[32, 33]"
7,,,"[0, 0, 0, 0, 0, 0, 0, 0, 0, 0, 252, 0, 0, 0, 0, 0, 0, 0, 0, 0]",
7,,,"[0, 0, 0, 0, 0, 0, 0, 0, 0, 0, 89, 1, 0, 0, 0, 0, 0, 0, 0, 0]",
2,0.7793710827827454,1,,"[35, 66]"
3,0.8175708055496216,0,,"[36, 51]"
4,-0.021515898406505585,3,,"[37, 44]"
5,0.5638910830020905,1,,"[38, 41]"
6,0.47439493238925934,1,,"[39, 40]"
7,,,"[1928, 726, 0, 746, 687, 494, 184, 1814, 2408, 865, 400, 1990, 198, 1467, 2478, 1201, 332, 1619, 1222, 717]",
7,,,"[0, 1320, 0, 126, 0, 69, 309, 112, 379, 74, 101, 155, 40, 0, 434, 0, 203, 112, 231, 78]",
6,-0.8497856259346008,3,,"[42, 43]"
7,,,"[0, 0, 0, 12, 0, 2, 286, 4, 227, 362, 80, 42, 0, 0, 0, 0, 0, 42, 8, 0]",
7,,,"[799, 0, 0, 102, 0, 46, 342, 67, 383, 669, 0, 75, 61, 0, 0, 0, 116, 56, 37, 0]",
5,0.6050504744052887,3,,"[45, 48]"
6,0.6296728849411011,0,,"[46, 47]"
7,,,"[665, 0, 0, 843, 154, 1679, 1330, 744, 326, 2025, 0, 352, 1374, 249, 366, 135, 1875, 369, 194, 918]",
7,,,"[174, 0, 0, 256, 0, 1140, 89, 375, 179, 40, 0, 260, 889, 0, 496, 0, 1077, 307, 134, 1006]",
6,0.48617789149284363,1,,"[49, 50]"
7,,,"[799, 707, 0, 2226, 349, 1016, 1841, 1177, 419, 415, 0, 1325, 1676, 294, 845, 433, 907, 1659, 2247, 1524]",
7,,,"[309, 1784, 0, 146, 0, 190, 96, 112, 0, 426, 0, 129, 128, 0, 0, 0, 115, 211, 152, 12]",
4,-0.7610971927642822,3,,"[52, 59]"
5,0.15166456997394562,1,,"[53, 56]"
6,0.1312851756811142,1,,"[54, 55]"
7,,,"[0, 0, 0, 0, 0, 0, 0, 10, 0, 0, 0, 32, 0, 0, 44, 0, 0, 32, 20, 0]",
7,,,"[0, 0, 0, 0, 0, 4, 0, 20, 0, 0, 0, 33, 0, 0, 0, 1773, 0, 9, 23, 0]",
6,-0.7666517198085785,3,,"[57, 58]"
7,,,"[0, 0, 0, 0, 255, 8, 0, 24, 0, 0, 0, 102, 6, 0, 0, 0, 0, 87, 40, 0]",
7,,,"[0, 0, 0, 0, 0, 0, 0, 0, 0, 0, 0, 3, 0, 0, 0, 148, 0, 4, 0, 0]",
5,0.81920525431633,0,,"[60, 63]"
6,0.3192606270313263,3,,"[61, 62]"
7,,,"[0, 0, 0, 0, 756, 0, 0, 6, 46, 0, 0, 5, 0, 0, 0, 0, 0, 7, 0, 23]",
7,,,"[0, 0, 0, 0, 0, 8, 0, 10, 0, 0, 0, 16, 7, 0, 0, 0, 0, 8, 0, 33]",
6,-0.6776085197925568,3,,"[64, 65]"
7,,,"[0, 0, 0, 0, 0, 0, 0, 23, 0, 0, 0, 19, 0, 914, 0, 132, 0, 23, 15, 0]",
7,,,"[356, 0, 0, 463, 2813, 250, 115, 461, 556, 0, 0, 326, 558, 2172, 284, 1084, 368, 450, 571, 810]",
3,0.6107960641384125,0,,"[67, 80]"
4,0.80233034491539,1,,"[68, 73]"
5,-0.5965928137302399,3,,"[69, 72]"
6,-0.44332514703273773,2,,"[70, 71]"
7,,,"[0, 0, 0, 0, 0, 0, 80, 0, 0, 41, 0, 2, 0, 0, 0, 0, 0, 0, 0, 0]",
7,,,"[0, 0, 0, 0, 0, 0, 0, 0, 0, 0, 65, 0, 0, 0, 0, 0, 0, 0, 0, 0]",
6,,,"[0, 0, 0, 0, 0, 0, 0, 0, 0, 0, 336, 0, 0, 0, 0, 0, 0, 0, 0, 0]",
5,0.8313179314136505,1,,"[74, 77]"
6,0.8102444112300873,1,,"[75, 76]"
7,,,"[0, 0, 0, 0, 0, 0, 0, 0, 0, 0, 0, 2, 0, 0, 0, 0, 0, 0, 0, 0]",
7,,,"[0, 0, 680, 0, 0, 0, 0, 0, 0, 0, 0, 2, 0, 0, 0, 0, 0, 0, 0, 0]",
6,-0.878838986158371,3,,"[78, 79]"
7,,,"[0, 0, 0, 0, 0, 0, 110, 0, 62, 0, 0, 2, 0, 0, 0, 0, 0, 0, 0, 0]",
7,,,"[0, 0, 0, 0, 0, 0, 0, 0, 0, 0, 171, 1, 0, 0, 0, 0, 0, 0, 0, 0]",
4,-0.0644988901913166,2,,"[81, 88]"
5,0.9185070991516113,1,,"[82, 85]"
6,0.9029313921928406,1,,"[83, 84]"
7,,,"[0, 0, 0, 0, 0, 0, 0, 0, 0, 0, 294, 0, 0, 0, 0, 0, 0, 0, 0, 0]",
7,,,"[0, 0, 0, 9, 0, 0, 0, 0, 0, 0, 0, 0, 0, 0, 0, 0, 0, 0, 0, 0]",
6,-0.9378212988376617,2,,"[86, 87]"
7,,,"[0, 0, 0, 0, 0, 0, 0, 0, 0, 0, 88, 0, 0, 0, 0, 0, 0, 0, 7, 0]",
7,,,"[0, 0, 0, 0, 0, 0, 0, 0, 0, 0, 1239, 0, 0, 0, 0, 0, 0, 0, 0, 0]",
5,,,"[0, 0, 0, 0, 0, 0, 0, 0, 0, 0, 0, 0, 0, 0, 0, 0, 0, 4, 0, 0]",
1,0.12188316509127617,0,,"[90, 123]"
2,0.06312761828303337,0,,"[91, 102]"
3,-0.7665452361106873,2,,"[92, 99]"
4,0.6583614945411682,1,,"[93, 94]"
5,,,"[0, 0, 0, 0, 0, 0, 0, 0, 0, 0, 174, 0, 0, 0, 0, 0, 0, 0, 0, 0]",
5,0.6998484134674072,1,,"[95, 96]"
6,,,"[0, 0, 1248, 0, 0, 0, 0, 0, 0, 0, 0, 0, 0, 0, 0, 0, 0, 0, 0, 0]",
6,0.11743587255477905,3,,"[97, 98]"
7,,,"[0, 0, 1891, 0, 0, 0, 75, 0, 0, 0, 322, 0, 0, 0, 0, 0, 0, 0, 0, 0]",
7,,,"[0, 0, 0, 0, 0, 0, 0, 0, 0, 0, 73, 0, 0, 0, 0, 0, 0, 0, 0, 0]",
4,0.682673990726471,1,,"[100, 101]"
5,,,"[0, 0, 284, 0, 0, 0, 0, 0, 0, 0, 0, 0, 0, 0, 0, 0, 0, 0, 0, 0]",
5,,,"[0, 0, 0, 0, 0, 0, 85, 0, 0, 0, 0, 0, 0, 0, 0, 0, 0, 0, 0, 0]",
3,-0.9935993552207947,2,,"[103, 112]"
4,0.017212719190865755,3,,"[104, 111]"
5,0.0,3,,"[105, 108]"
6,0.08538692817091942,0,,"[106, 107]"
7,,,"[0, 0, 0, 0, 0, 0, 0, 0, 0, 0, 73, 0, 0, 0, 0, 0, 0, 0, 0, 0]",
7,,,"[0, 0, 276, 0, 0, 0, 0, 0, 0, 0, 69, 0, 0, 0, 0, 0, 0, 0, 0, 0]",
6,0.0886281207203865,0,,"[109, 110]"
7,,,"[0, 0, 291, 0, 0, 0, 0, 0, 0, 0, 0, 0, 0, 0, 0, 0, 0, 0, 0, 0]",
7,,,"[0, 0, 319, 15, 0, 0, 0, 5, 0, 0, 94, 0, 0, 0, 0, 0, 0, 0, 0, 0]",
5,,,"[0, 0, 0, 0, 0, 0, 0, 0, 0, 0, 233, 0, 0, 0, 0, 0, 0, 0, 0, 0]",
4,0.5394260585308075,1,,"[113, 118]"
5,0.06715241074562073,0,,"[114, 115]"
6,,,"[0, 338, 0, 0, 0, 0, 0, 0, 0, 0, 0, 0, 0, 0, 0, 0, 0, 0, 0, 0]",
6,-0.19599130749702454,3,,"[116, 117]"
7,,,"[0, 0, 0, 0, 0, 0, 0, 0, 0, 0, 0, 0, 0, 0, 0, 0, 0, 3, 0, 0]",
7,,,"[0, 0, 0, 0, 0, 0, 0, 0, 0, 0, 0, 1, 7, 0, 0, 0, 0, 1, 0, 0]",
5,0.06698064878582954,0,,"[119, 122]"
6,0.43006928265094757,3,,"[120, 121]"
7,,,"[0, 0, 0, 0, 0, 0, 0, 0, 0, 0, 264, 0, 0, 0, 0, 0, 0, 0, 0, 0]",
7,,,"[0, 0, 0, 0, 0, 0, 0, 0, 0, 0, 0, 1, 0, 0, 0, 0, 0, 0, 0, 0]",
6,,,"[0, 0, 0, 0, 0, 0, 0, 0, 0, 0, 689, 0, 0, 0, 0, 0, 0, 0, 0, 0]",
2,0.0,3,,"[124, 153]"
3,0.7486387193202972,1,,"[125, 140]"
4,0.8175452053546906,0,,"[126, 133]"
5,0.5638910830020905,1,,"[127, 130]"
6,0.47439493238925934,1,,"[128, 129]"
7,,,"[1990, 774, 0, 768, 699, 497, 200, 1920, 2364, 963, 365, 2036, 225, 1464, 2574, 1208, 374, 1598, 1334, 776]",
7,,,"[0, 1324, 0, 134, 0, 61, 315, 95, 374, 59, 99, 170, 60, 0, 386, 0, 242, 122, 196, 93]",
6,0.6040060818195343,1,,"[131, 132]"
7,,,"[667, 0, 0, 0, 0, 6, 0, 32, 91, 156, 0, 46, 2, 0, 0, 0, 0, 37, 23, 0]",
7,,,"[133, 0, 0, 117, 0, 47, 507, 39, 368, 967, 73, 88, 47, 0, 0, 0, 124, 44, 23, 0]",
5,-0.7610971927642822,3,,"[134, 137]"
6,0.15166456997394562,1,,"[135, 136]"
7,,,"[0, 0, 0, 0, 0, 4, 0, 27, 0, 0, 0, 51, 0, 0, 69, 1787, 0, 49, 42, 0]",
7,,,"[0, 0, 0, 0, 226, 9, 0, 24, 0, 0, 0, 109, 11, 0, 0, 172, 0, 88, 33, 0]",
6,0.16080200672149658,1,,"[138, 139]"
7,,,"[0, 0, 0, 27, 2233, 13, 0, 131, 181, 0, 0, 61, 46, 573, 56, 550, 0, 65, 59, 14]",
7,,,"[174, 0, 0, 12, 0, 17, 112, 108, 368, 0, 0, 65, 48, 1496, 65, 0, 0, 97, 100, 115]",
4,-0.7497986555099487,2,,"[141, 148]"
5,-0.6419596076011658,3,,"[142, 145]"
6,0.9314627051353455,1,,"[143, 144]"
7,,,"[0, 0, 0, 12, 0, 0, 0, 0, 0, 0, 0, 0, 0, 0, 0, 0, 0, 0, 0, 0]",
7,,,"[0, 0, 0, 0, 0, 0, 0, 0, 0, 0, 89, 0, 0, 0, 0, 0, 0, 0, 0, 0]",
6,0.35721631348133087,0,,"[146, 147]"
7,,,"[0, 0, 0, 0, 0, 0, 0, 0, 0, 0, 0, 0, 0, 0, 0, 0, 0, 2, 0, 0]",
7,,,"[0, 0, 0, 0, 0, 0, 0, 0, 0, 0, 718, 5, 0, 0, 0, 0, 0, 0, 0, 0]",
5,-0.6806725561618805,3,,"[149, 152]"
6,0.8797326982021332,1,,"[150, 151]"
7,,,"[0, 0, 0, 0, 0, 0, 285, 0, 138, 27, 283, 1, 0, 0, 0, 0, 0, 0, 0, 0]",
7,,,"[0, 0, 0, 0, 0, 0, 0, 0, 0, 0, 623, 0, 0, 0, 0, 0, 0, 2, 0, 0]",
6,,,"[0, 0, 284, 0, 0, 0, 0, 0, 0, 0, 0, 0, 0, 0, 0, 0, 0, 0, 0, 0]",
3,0.13300977647304535,2,,"[154, 169]"
4,0.8187837898731232,0,,"[155, 162]"
5,-0.793542206287384,2,,"[156, 159]"
6,0.7652628123760223,1,,"[157, 158]"
7,,,"[823, 0, 0, 1098, 177, 2758, 1425, 1107, 533, 1867, 0, 656, 2258, 261, 917, 123, 2887, 618, 220, 1742]",
7,,,"[0, 0, 343, 0, 0, 0, 0, 0, 0, 0, 524, 2, 0, 0, 0, 0, 0, 0, 8, 0]",
6,0.48617789149284363,1,,"[160, 161]"
7,,,"[330, 676, 0, 2179, 353, 874, 1707, 1064, 301, 431, 0, 1372, 1432, 273, 776, 424, 932, 1283, 852, 1397]",
7,,,"[303, 1835, 0, 143, 0, 171, 94, 114, 0, 502, 0, 135, 136, 0, 0, 0, 83, 196, 83, 24]",
5,0.8274686932563782,0,,"[163, 166]"
6,0.19564922899007797,1,,"[164, 165]"
7,,,"[0, 0, 0, 10, 369, 15, 0, 20, 0, 0, 0, 32, 25, 0, 0, 0, 0, 32, 41, 64]",
7,,,"[0, 0, 0, 9, 0, 9, 0, 5, 0, 0, 0, 4, 6, 618, 0, 0, 0, 1, 6, 21]",
6,0.949089527130127,0,,"[167, 168]"
7,,,"[157, 0, 0, 278, 987, 138, 0, 174, 53, 0, 0, 144, 388, 275, 66, 674, 0, 124, 121, 478]",
7,,,"[0, 0, 0, 73, 0, 58, 0, 54, 0, 0, 0, 30, 97, 0, 65, 0, 353, 38, 68, 70]",
4,0.3171795457601547,2,,"[170, 177]"
5,0.3008086681365967,2,,"[171, 174]"
6,0.5441197454929352,0,,"[172, 173]"
7,,,"[152, 0, 0, 25, 0, 52, 0, 27, 35, 0, 0, 8, 81, 0, 0, 0, 0, 60, 163, 0]",
7,,,"[0, 0, 0, 15, 0, 67, 0, 60, 0, 0, 0, 13, 57, 0, 0, 0, 0, 170, 443, 109]",
6,0.21867172420024872,1,,"[175, 176]"
7,,,"[0, 0, 0, 0, 0, 7, 0, 3, 0, 0, 0, 0, 5, 0, 0, 0, 0, 32, 37, 0]",
7,,,"[190, 0, 0, 0, 0, 0, 0, 2, 0, 0, 0, 0, 0, 0, 0, 0, 0, 11, 0, 0]",
5,0.7666304409503937,2,,"[178, 181]"
6,0.340616837143898,1,,"[179, 180]"
7,,,"[0, 0, 0, 0, 0, 53, 0, 44, 63, 0, 0, 4, 61, 0, 60, 0, 0, 237, 820, 21]",
7,,,"[0, 0, 0, 0, 0, 55, 168, 4, 0, 0, 0, 1, 10, 0, 0, 0, 0, 38, 123, 0]",
6,0.7775683403015137,2,,"[182, 183]"
7,,,"[149, 0, 0, 0, 0, 0, 0, 0, 0, 0, 0, 0, 0, 0, 0, 0, 0, 1, 26, 0]",
7,,,"[0, 0, 0, 12, 0, 13, 0, 1, 45, 0, 0, 2, 5, 0, 0, 0, 0, 69, 176, 0]",
1,0.13691896200180054,0,,"[185, 222]"
2,0.06312761828303337,0,,"[186, 199]"
3,-0.9972977340221405,2,,"[187, 188]"
4,,,"[0, 0, 355, 0, 0, 0, 0, 0, 0, 0, 0, 0, 0, 0, 0, 0, 0, 0, 0, 0]",
4,0.6582553088665009,1,,"[189, 192]"
5,-0.9689670503139496,2,,"[190, 191]"
6,,,"[0, 0, 0, 0, 0, 0, 0, 0, 0, 0, 147, 0, 0, 0, 0, 0, 0, 0, 0, 0]",
6,,,"[0, 0, 0, 0, 0, 0, 0, 0, 0, 0, 0, 6, 0, 0, 0, 0, 0, 0, 0, 0]",
5,-0.46353310346603394,3,,"[193, 196]"
6,-0.8736776411533356,2,,"[194, 195]"
7,,,"[0, 0, 0, 0, 0, 0, 0, 0, 0, 0, 97, 0, 0, 0, 0, 0, 0, 0, 0, 0]",
7,,,"[0, 0, 1479, 0, 0, 0, 169, 0, 0, 0, 184, 0, 0, 0, 0, 0, 0, 0, 0, 0]",
6,0.05252900719642639,0,,"[197, 198]"
7,,,"[0, 0, 322, 0, 0, 0, 0, 0, 0, 0, 178, 0, 0, 0, 0, 0, 0, 0, 0, 0]",
7,,,"[0, 0, 1267, 0, 0, 0, 0, 0, 0, 0, 0, 0, 0, 0, 0, 0, 0, 0, 0, 0]",
3,-0.9935993552207947,2,,"[200, 211]"
4,0.6073921024799347,1,,"[201, 206]"
5,0.017212719190865755,3,,"[202, 205]"
6,0.5459867864847183,1,,"[203, 204]"
7,,,"[0, 0, 0, 16, 0, 0, 0, 0, 0, 0, 0, 2, 0, 0, 0, 0, 0, 0, 0, 0]",
7,,,"[0, 0, 0, 0, 0, 0, 0, 0, 0, 0, 68, 0, 0, 0, 0, 0, 0, 0, 0, 0]",
6,,,"[0, 0, 0, 0, 0, 0, 0, 0, 0, 0, 220, 0, 0, 0, 0, 0, 0, 0, 0, 0]",
5,0.06922071427106857,0,,"[207, 208]"
6,,,"[0, 0, 308, 0, 0, 0, 0, 0, 0, 0, 0, 0, 0, 0, 0, 0, 0, 0, 0, 0]",
6,0.08538692817091942,0,,"[209, 210]"
7,,,"[0, 0, 0, 0, 0, 0, 0, 0, 0, 0, 76, 0, 0, 0, 0, 0, 0, 0, 0, 0]",
7,,,"[0, 0, 599, 0, 0, 0, 0, 1, 0, 0, 87, 0, 0, 0, 0, 0, 0, 0, 0, 0]",
4,0.5469564348459244,1,,"[212, 217]"
5,0.06818803399801254,0,,"[213, 214]"
6,,,"[0, 329, 0, 0, 0, 0, 0, 0, 0, 0, 0, 0, 0, 0, 0, 0, 0, 0, 0, 0]",
6,0.4746929705142975,1,,"[215, 216]"
7,,,"[0, 0, 0, 0, 0, 0, 0, 0, 0, 0, 0, 4, 11, 0, 0, 0, 0, 3, 0, 0]",
7,,,"[0, 0, 0, 13, 0, 0, 0, 0, 0, 0, 0, 4, 0, 0, 0, 0, 0, 0, 0, 0]",
5,0.06698064878582954,0,,"[218, 221]"
6,0.0654895231127739,0,,"[219, 220]"
7,,,"[0, 0, 0, 0, 0, 0, 0, 0, 0, 0, 257, 0, 0, 0, 0, 0, 0, 0, 0, 0]",
7,,,"[0, 0, 0, 0, 0, 0, 0, 0, 0, 0, 0, 2, 0, 0, 0, 0, 0, 0, 0, 0]",
6,,,"[0, 0, 0, 0, 0, 0, 0, 0, 0, 0, 902, 0, 0, 0, 0, 0, 0, 0, 0, 0]",
2,0.7793710827827454,1,,"[223, 254]"
3,0.16027900576591492,1,,"[224, 239]"
4,0.8175708055496216,0,,"[225, 232]"
5,-0.7266007959842682,3,,"[226, 229]"
6,-0.9893050193786621,3,,"[227, 228]"
7,,,"[518, 0, 0, 11, 0, 2, 0, 12, 0, 0, 61, 82, 0, 0, 0, 0, 0, 36, 129, 0]",
7,,,"[137, 0, 0, 68, 712, 38, 0, 89, 0, 0, 0, 379, 7, 0, 266, 1077, 0, 266, 285, 83]",
6,0.8102767169475555,0,,"[230, 231]"
7,,,"[425, 751, 0, 731, 338, 581, 93, 1111, 1000, 0, 0, 844, 1040, 1149, 927, 658, 458, 1186, 1156, 1306]",
7,,,"[0, 0, 0, 95, 0, 27, 91, 28, 57, 0, 0, 73, 61, 0, 46, 0, 467, 76, 54, 149]",
5,-0.7382990121841431,2,,"[233, 236]"
6,0.9045854806900024,0,,"[234, 235]"
7,,,"[0, 0, 0, 66, 3219, 48, 0, 108, 174, 0, 0, 79, 153, 0, 63, 741, 0, 78, 115, 197]",
7,,,"[0, 0, 0, 14, 167, 20, 0, 47, 0, 0, 0, 21, 49, 642, 46, 0, 0, 20, 0, 31]",
6,0.8323905169963837,0,,"[237, 238]"
7,,,"[0, 0, 0, 28, 399, 3, 0, 31, 0, 0, 0, 67, 44, 0, 0, 0, 0, 68, 60, 0]",
7,,,"[0, 0, 0, 41, 0, 10, 0, 71, 0, 0, 0, 100, 48, 0, 61, 2487, 0, 123, 114, 38]",
4,0.7849460542201996,0,,"[240, 247]"
5,-0.017212719190865755,3,,"[241, 244]"
6,-0.7025014460086823,2,,"[242, 243]"
7,,,"[1280, 661, 0, 610, 0, 300, 218, 1196, 2029, 1084, 105, 707, 188, 0, 1591, 0, 339, 646, 392, 479]",
7,,,"[456, 696, 0, 177, 0, 167, 885, 217, 539, 877, 421, 781, 39, 307, 249, 0, 347, 454, 530, 37]",
6,-0.793542206287384,2,,"[245, 246]"
7,,,"[853, 0, 0, 941, 0, 2335, 1250, 842, 329, 2069, 0, 461, 1646, 0, 755, 0, 2427, 415, 138, 1152]",
7,,,"[805, 2535, 0, 1772, 192, 1129, 1935, 830, 274, 862, 0, 998, 1161, 0, 609, 0, 551, 1215, 1446, 847]",
5,0.8916657567024231,0,,"[248, 251]"
6,0.3106462061405182,1,,"[249, 250]"
7,,,"[313, 0, 0, 208, 0, 127, 0, 189, 228, 0, 0, 233, 241, 2889, 110, 0, 0, 207, 257, 440]",
7,,,"[171, 0, 0, 36, 0, 30, 0, 35, 0, 0, 0, 30, 31, 0, 176, 0, 0, 39, 10, 0]",
6,0.5379852652549744,3,,"[252, 253]"
7,,,"[0, 0, 0, 80, 0, 78, 119, 101, 214, 0, 0, 98, 83, 0, 76, 111, 0, 114, 106, 143]",
7,,,"[0, 0, 0, 28, 0, 29, 0, 31, 44, 0, 0, 41, 83, 0, 0, 0, 335, 62, 98, 86]",
3,0.6107960641384125,0,,"[255, 266]"
4,0.5153008699417114,0,,"[256, 263]"
5,-0.5123524367809296,2,,"[257, 260]"
6,-0.4558391571044922,3,,"[258, 259]"
7,,,"[0, 0, 0, 0, 0, 0, 0, 0, 0, 43, 82, 2, 0, 0, 0, 0, 0, 0, 0, 0]",
7,,,"[0, 0, 0, 0, 0, 0, 0, 0, 0, 0, 426, 3, 0, 0, 0, 0, 0, 0, 0, 0]",
6,0.7953500151634216,1,,"[261, 262]"
7,,,"[0, 0, 0, 0, 0, 0, 0, 0, 0, 0, 79, 0, 0, 0, 0, 0, 0, 0, 0, 0]",
7,,,"[0, 0, 0, 0, 0, 0, 208, 0, 0, 0, 0, 0, 0, 0, 0, 0, 0, 0, 0, 0]",
5,0.8465976119041443,1,,"[264, 265]"
6,,,"[0, 0, 641, 0, 0, 0, 0, 0, 0, 0, 0, 0, 0, 0, 0, 0, 0, 0, 0, 0]",
6,,,"[0, 0, 0, 0, 0, 0, 0, 0, 68, 0, 0, 0, 0, 0, 0, 0, 0, 0, 0, 0]",
4,-0.0644988901913166,2,,"[267, 272]"
5,0.6897555887699127,0,,"[268, 269]"
6,,,"[0, 0, 0, 0, 0, 0, 0, 0, 0, 0, 1143, 0, 0, 0, 0, 0, 0, 0, 0, 0]",
6,0.9308959543704987,1,,"[270, 271]"
7,,,"[0, 0, 0, 12, 0, 0, 0, 0, 0, 0, 0, 0, 0, 0, 0, 0, 0, 0, 0, 0]",
7,,,"[0, 0, 0, 0, 0, 0, 0, 0, 0, 0, 550, 0, 0, 0, 0, 0, 0, 1, 7, 0]",
5,,,"[0, 0, 0, 0, 0, 0, 0, 0, 0, 0, 0, 0, 0, 0, 0, 0, 0, 4, 0, 0]",
1,0.6029467582702637,1,,"[274, 337]"
2,0.8175708055496216,0,,"[275, 306]"
3,0.47452810406684875,1,,"[276, 291]"
4,0.394705668091774,1,,"[277, 284]"
5,0.5177367925643921,0,,"[278, 281]"
6,0.3363814800977707,1,,"[279, 280]"
7,,,"[672, 373, 0, 338, 357, 347, 295, 679, 554, 477, 70, 575, 451, 290, 341, 1326, 241, 568, 787, 305]",
7,,,"[0, 717, 0, 0, 0, 68, 0, 114, 0, 0, 0, 50, 38, 0, 49, 0, 0, 35, 35, 33]",
6,-0.021515898406505585,3,,"[282, 283]"
7,,,"[1128, 396, 0, 399, 528, 371, 0, 1165, 1835, 529, 172, 1395, 147, 1105, 2033, 157, 118, 1146, 1107, 621]",
7,,,"[1284, 0, 0, 1524, 346, 2339, 713, 1395, 345, 1050, 0, 1274, 2488, 536, 1059, 222, 2224, 1601, 1712, 2487]",
5,0.3856491148471832,3,,"[285, 288]"
6,0.3956594318151474,1,,"[286, 287]"
7,,,"[0, 0, 0, 16, 0, 3, 121, 2, 0, 0, 0, 5, 0, 0, 0, 0, 0, 0, 0, 0]",
7,,,"[170, 0, 0, 464, 0, 298, 120, 340, 459, 334, 150, 295, 200, 0, 407, 0, 354, 243, 81, 244]",
6,0.08194411918520927,0,,"[289, 290]"
7,,,"[0, 341, 0, 0, 0, 0, 0, 0, 0, 0, 0, 3, 0, 0, 0, 0, 0, 0, 0, 0]",
7,,,"[0, 0, 0, 1146, 0, 398, 2066, 212, 41, 333, 0, 207, 430, 0, 345, 0, 566, 234, 241, 233]",
4,0.514153242111206,0,,"[292, 299]"
5,0.6084543466567993,3,,"[293, 296]"
6,0.48445773124694824,0,,"[294, 295]"
7,,,"[159, 0, 0, 98, 0, 310, 400, 131, 469, 194, 96, 165, 143, 0, 0, 0, 254, 106, 93, 0]",
7,,,"[169, 0, 0, 46, 0, 138, 0, 53, 0, 0, 0, 49, 52, 0, 177, 0, 0, 57, 77, 169]",
6,0.622023731470108,3,,"[297, 298]"
7,,,"[0, 400, 0, 0, 0, 9, 0, 1, 0, 0, 0, 2, 0, 0, 0, 0, 0, 0, 0, 0]",
7,,,"[0, 367, 0, 97, 0, 191, 112, 116, 0, 113, 0, 84, 96, 0, 0, 0, 0, 128, 130, 18]",
5,0.5635644495487213,1,,"[300, 303]"
6,-0.9750284254550934,2,,"[301, 302]"
7,,,"[0, 0, 0, 22, 0, 11, 0, 17, 0, 0, 0, 6, 12, 0, 63, 0, 453, 2, 11, 34]",
7,,,"[0, 2412, 0, 85, 0, 50, 109, 60, 62, 180, 0, 74, 164, 0, 293, 0, 243, 68, 75, 14]",
6,0.5923464000225067,1,,"[304, 305]"
7,,,"[469, 0, 0, 0, 0, 5, 0, 3, 0, 0, 0, 3, 1, 0, 0, 0, 0, 10, 12, 0]",
7,,,"[0, 0, 0, 0, 0, 21, 0, 4, 0, 0, 0, 9, 4, 0, 0, 0, 0, 8, 12, 0]",
3,-0.6518748700618744,2,,"[307, 322]"
4,0.16101086139678955,1,,"[308, 315]"
5,0.9045854806900024,0,,"[309, 312]"
6,0.14975372701883316,1,,"[310, 311]"
7,,,"[0, 0, 0, 48, 611, 55, 0, 76, 102, 0, 0, 61, 110, 0, 70, 633, 0, 61, 80, 164]",
7,,,"[0, 0, 0, 17, 2750, 3, 0, 32, 49, 0, 0, 37, 72, 0, 0, 406, 0, 21, 34, 75]",
6,0.1269947811961174,1,,"[313, 314]"
7,,,"[0, 0, 0, 0, 163, 9, 0, 28, 0, 0, 0, 3, 26, 0, 75, 0, 0, 13, 0, 13]",
7,,,"[0, 0, 0, 13, 0, 4, 0, 13, 0, 0, 0, 13, 28, 603, 0, 0, 0, 15, 0, 10]",
5,0.5379852652549744,3,,"[316, 319]"
6,0.8917076587677002,0,,"[317, 318]"
7,,,"[369, 0, 0, 78, 0, 68, 0, 92, 165, 0, 0, 54, 71, 2328, 58, 0, 0, 71, 38, 184]",
7,,,"[0, 0, 0, 85, 0, 71, 104, 72, 268, 0, 0, 49, 98, 0, 55, 121, 0, 47, 52, 140]",
6,0.9489334225654602,0,,"[320, 321]"
7,,,"[0, 0, 0, 48, 0, 17, 0, 16, 0, 0, 0, 26, 53, 0, 0, 0, 0, 3, 0, 49]",
7,,,"[0, 0, 0, 0, 0, 10, 0, 4, 0, 0, 0, 2, 36, 0, 0, 0, 347, 8, 0, 0]",
4,0.8323905169963837,0,,"[323, 330]"
5,0.8189597725868225,0,,"[324, 327]"
6,0.8188513517379761,0,,"[325, 326]"
7,,,"[0, 0, 0, 0, 0, 0, 0, 3, 0, 0, 0, 14, 0, 0, 0, 0, 0, 11, 0, 30]",
7,,,"[0, 0, 0, 0, 235, 0, 0, 0, 0, 0, 0, 0, 0, 0, 0, 0, 0, 0, 0, 0]",
6,0.8223569989204407,0,,"[328, 329]"
7,,,"[0, 0, 0, 0, 0, 1, 0, 9, 0, 0, 0, 12, 2, 0, 0, 0, 0, 19, 65, 0]",
7,,,"[0, 0, 0, 32, 0, 7, 0, 17, 0, 0, 0, 61, 33, 0, 0, 0, 0, 68, 48, 0]",
5,0.15444348752498627,1,,"[331, 334]"
6,-0.7554303407669067,3,,"[332, 333]"
7,,,"[0, 0, 0, 0, 0, 2, 0, 19, 0, 0, 0, 53, 0, 0, 58, 1925, 0, 40, 27, 0]",
7,,,"[0, 0, 0, 46, 0, 4, 0, 24, 0, 0, 0, 22, 29, 0, 0, 128, 0, 101, 67, 40]",
6,-0.05012785643339157,3,,"[335, 336]"
7,,,"[0, 0, 0, 0, 0, 3, 0, 23, 0, 0, 0, 102, 0, 0, 0, 0, 0, 68, 39, 0]",
7,,,"[0, 0, 0, 66, 0, 21, 0, 44, 54, 0, 0, 66, 51, 0, 0, 0, 0, 82, 212, 118]",
2,0.06471146270632744,0,,"[338, 353]"
3,0.04848923720419407,0,,"[339, 340]"
4,,,"[0, 0, 0, 0, 0, 0, 0, 0, 0, 0, 88, 0, 0, 0, 0, 0, 0, 0, 0, 0]",
4,-0.22092761099338531,3,,"[341, 348]"
5,0.7100155651569366,1,,"[342, 345]"
6,0.7097908556461334,1,,"[343, 344]"
7,,,"[0, 0, 914, 0, 0, 0, 95, 0, 0, 0, 0, 0, 0, 0, 0, 0, 0, 0, 0, 0]",
7,,,"[0, 0, 0, 0, 0, 0, 98, 0, 0, 0, 70, 0, 0, 0, 0, 0, 0, 0, 0, 0]",
6,-0.8214522004127502,2,,"[346, 347]"
7,,,"[0, 0, 996, 0, 0, 0, 0, 0, 0, 0, 0, 0, 0, 0, 0, 0, 0, 0, 0, 0]",
7,,,"[0, 0, 312, 0, 0, 0, 0, 0, 0, 0, 84, 0, 0, 0, 0, 0, 0, 0, 0, 0]",
5,0.7098231315612793,1,,"[349, 352]"
6,0.6622333824634552,1,,"[350, 351]"
7,,,"[0, 0, 0, 0, 0, 0, 0, 0, 0, 0, 167, 0, 0, 0, 0, 0, 0, 0, 0, 0]",
7,,,"[0, 0, 1556, 0, 0, 0, 0, 0, 0, 0, 163, 0, 0, 0, 0, 0, 0, 0, 0, 0]",
6,,,"[0, 0, 0, 0, 0, 0, 0, 0, 0, 0, 172, 0, 0, 0, 0, 0, 0, 0, 0, 0]",
3,0.8524878323078156,1,,"[354, 369]"
4,-0.9946339726448059,2,,"[355, 362]"
5,0.19213925674557686,0,,"[356, 359]"
6,0.017212719190865755,3,,"[357, 358]"
7,,,"[0, 0, 597, 0, 0, 0, 0, 4, 0, 0, 229, 0, 0, 0, 0, 0, 0, 0, 0, 0]",
7,,,"[0, 0, 0, 0, 0, 0, 0, 0, 0, 0, 242, 0, 0, 0, 0, 0, 0, 0, 0, 0]",
6,0.5119795203208923,0,,"[360, 361]"
7,,,"[0, 0, 0, 7, 0, 23, 0, 0, 0, 348, 0, 10, 25, 0, 0, 0, 0, 2, 0, 0]",
7,,,"[0, 0, 356, 13, 0, 25, 0, 4, 64, 0, 0, 6, 21, 0, 0, 0, 0, 3, 9, 0]",
5,0.13707144558429718,0,,"[363, 366]"
6,0.06698064878582954,0,,"[364, 365]"
7,,,"[0, 0, 0, 0, 0, 0, 0, 0, 0, 0, 92, 1, 0, 0, 0, 0, 0, 0, 0, 0]",
7,,,"[0, 0, 0, 0, 0, 0, 0, 0, 0, 0, 908, 0, 0, 0, 0, 0, 0, 0, 0, 0]",
6,-0.7909163534641266,3,,"[367, 368]"
7,,,"[0, 0, 0, 6, 0, 0, 590, 6, 190, 320, 149, 32, 1, 0, 0, 0, 0, 19, 7, 0]",
7,,,"[541, 0, 315, 161, 0, 80, 208, 49, 258, 1071, 429, 92, 104, 0, 0, 0, 235, 68, 28, 0]",
4,0.8797326982021332,1,,"[370, 373]"
5,0.5276746600866318,0,,"[371, 372]"
6,,,"[0, 0, 0, 0, 0, 0, 0, 0, 0, 0, 82, 0, 0, 0, 0, 0, 0, 0, 0, 0]",
6,,,"[0, 0, 0, 0, 0, 0, 0, 0, 56, 0, 0, 0, 0, 0, 0, 0, 0, 0, 0, 0]",
5,-0.9977693259716034,3,,"[374, 375]"
6,,,"[0, 0, 0, 0, 0, 0, 0, 0, 0, 0, 0, 0, 0, 0, 0, 0, 0, 1, 0, 0]",
6,0.6897555887699127,0,,"[376, 377]"
7,,,"[0, 0, 0, 0, 0, 0, 0, 0, 0, 0, 1165, 0, 0, 0, 0, 0, 0, 0, 0, 0]",
7,,,"[0, 0, 0, 8, 0, 0, 0, 0, 0, 0, 514, 0, 0, 0, 0, 0, 0, 2, 7, 0]",
1,0.13701417297124863,0,,"[379, 418]"
2,0.06471146270632744,0,,"[380, 395]"
3,0.6582553088665009,1,,"[381, 388]"
4,0.7754978239536285,3,,"[382, 385]"
5,-0.9689670503139496,2,,"[383, 384]"
6,,,"[0, 0, 0, 0, 0, 0, 0, 0, 0, 0, 159, 0, 0, 0, 0, 0, 0, 0, 0, 0]",
6,,,"[0, 0, 0, 0, 0, 0, 0, 0, 0, 0, 0, 7, 0, 0, 0, 0, 0, 0, 0, 0]",
5,0.05075915530323982,0,,"[386, 387]"
6,,,"[0, 0, 0, 0, 0, 0, 0, 0, 0, 0, 0, 2, 0, 0, 0, 0, 0, 0, 0, 0]",
6,,,"[0, 342, 0, 0, 0, 0, 0, 0, 0, 0, 0, 0, 0, 0, 0, 0, 0, 0, 0, 0]",
4,0.6904099881649017,1,,"[389, 390]"
5,,,"[0, 0, 1865, 0, 0, 0, 0, 0, 0, 0, 0, 0, 0, 0, 0, 0, 0, 0, 0, 0]",
5,0.11743587255477905,3,,"[391, 394]"
6,0.05468262918293476,0,,"[392, 393]"
7,,,"[0, 0, 1901, 0, 0, 0, 101, 0, 0, 0, 333, 0, 0, 0, 0, 0, 0, 0, 0, 0]",
7,,,"[0, 0, 0, 0, 0, 0, 81, 0, 0, 0, 71, 0, 0, 0, 0, 0, 0, 0, 0, 0]",
6,,,"[0, 0, 0, 0, 0, 0, 0, 0, 0, 0, 173, 0, 0, 0, 0, 0, 0, 0, 0, 0]",
3,-0.11164246499538422,3,,"[396, 405]"
4,-0.2626894488930702,3,,"[397, 402]"
5,0.5469564348459244,1,,"[398, 401]"
6,0.09209144115447998,0,,"[399, 400]"
7,,,"[0, 0, 0, 0, 0, 0, 0, 0, 0, 0, 0, 0, 0, 0, 0, 0, 0, 3, 0, 0]",
7,,,"[0, 0, 0, 0, 0, 0, 0, 0, 0, 0, 0, 2, 2, 0, 0, 0, 0, 0, 0, 0]",
6,,,"[0, 0, 0, 0, 0, 0, 0, 0, 0, 0, 618, 0, 0, 0, 0, 0, 0, 0, 0, 0]",
5,0.0996314063668251,0,,"[403, 404]"
6,,,"[0, 0, 0, 0, 0, 0, 0, 0, 0, 0, 268, 0, 0, 0, 0, 0, 0, 0, 0, 0]",
6,,,"[0, 0, 0, 10, 0, 0, 0, 0, 0, 0, 0, 0, 0, 0, 0, 0, 0, 0, 0, 0]",
4,0.017212719190865755,3,,"[406, 411]"
5,0.7177800238132477,1,,"[407, 410]"
6,0.0,3,,"[408, 409]"
7,,,"[0, 0, 0, 0, 0, 0, 0, 0, 0, 0, 142, 2, 0, 0, 0, 0, 0, 0, 0, 0]",
7,,,"[0, 0, 343, 15, 0, 0, 0, 4, 0, 0, 122, 0, 0, 0, 0, 0, 0, 0, 0, 0]",
6,,,"[0, 0, 308, 0, 0, 0, 0, 0, 0, 0, 0, 0, 0, 0, 0, 0, 0, 0, 0, 0]",
5,0.5370003432035446,1,,"[412, 415]"
6,0.4258231222629547,1,,"[413, 414]"
7,,,"[0, 0, 0, 0, 0, 0, 0, 0, 0, 0, 0, 0, 4, 0, 0, 0, 0, 0, 0, 0]",
7,,,"[0, 0, 0, 0, 0, 0, 0, 0, 0, 0, 0, 2, 0, 0, 0, 0, 0, 1, 0, 0]",
6,0.38887612521648407,3,,"[416, 417]"
7,,,"[0, 0, 0, 0, 0, 0, 0, 0, 0, 0, 357, 0, 0, 0, 0, 0, 0, 0, 0, 0]",
7,,,"[0, 0, 0, 0, 0, 0, 0, 0, 0, 0, 67, 1, 0, 0, 0, 0, 0, 0, 0, 0]",
2,0.8175708055496216,0,,"[419, 446]"
3,0.7793710827827454,1,,"[420, 435]"
4,0.13300977647304535,2,,"[421, 428]"
5,-0.017212719190865755,3,,"[422, 425]"
6,0.5638910830020905,1,,"[423, 424]"
7,,,"[1527, 2150, 0, 872, 568, 509, 527, 1881, 2718, 973, 410, 2043, 240, 1444, 2757, 1196, 595, 1423, 1142, 774]",
7,,,"[746, 0, 0, 107, 0, 49, 594, 58, 576, 1023, 87, 116, 62, 0, 0, 0, 115, 86, 18, 0]",
6,0.48617789149284363,1,,"[426, 427]"
7,,,"[792, 724, 0, 3222, 501, 3227, 2831, 2002, 701, 1809, 0, 1924, 3466, 532, 1583, 581, 3246, 1833, 1064, 3130]",
7,,,"[610, 1814, 0, 301, 0, 644, 296, 247, 63, 1141, 0, 199, 387, 0, 112, 0, 651, 231, 128, 163]",
5,-0.985911637544632,3,,"[429, 432]"
6,0.043769601557869464,1,,"[430, 431]"
7,,,"[174, 0, 0, 0, 0, 0, 0, 0, 0, 0, 0, 0, 0, 0, 0, 0, 0, 0, 0, 0]",
7,,,"[156, 0, 0, 0, 0, 3, 0, 5, 0, 0, 0, 22, 0, 0, 74, 0, 0, 22, 83, 0]",
6,0.1419794112443924,1,,"[433, 434]"
7,,,"[0, 0, 0, 11, 0, 13, 0, 45, 0, 0, 0, 32, 48, 0, 56, 0, 0, 190, 607, 36]",
7,,,"[463, 0, 0, 83, 160, 256, 174, 146, 108, 0, 98, 137, 211, 0, 57, 0, 0, 562, 1306, 29]",
4,0.6107960641384125,0,,"[436, 441]"
5,-0.9956719875335693,2,,"[437, 438]"
6,,,"[0, 0, 358, 0, 0, 0, 0, 0, 0, 0, 0, 0, 0, 0, 0, 0, 0, 0, 0, 0]",
6,0.5176151692867279,0,,"[439, 440]"
7,,,"[0, 0, 0, 0, 0, 0, 193, 0, 0, 38, 548, 6, 0, 0, 0, 0, 0, 0, 0, 0]",
7,,,"[0, 0, 286, 0, 0, 0, 0, 0, 60, 0, 0, 0, 0, 0, 0, 0, 0, 0, 0, 0]",
5,-0.0644988901913166,2,,"[442, 445]"
6,0.6897555887699127,0,,"[443, 444]"
7,,,"[0, 0, 0, 0, 0, 0, 0, 0, 0, 0, 1051, 0, 0, 0, 0, 0, 0, 0, 0, 0]",
7,,,"[0, 0, 0, 14, 0, 0, 0, 0, 0, 0, 530, 0, 0, 0, 0, 0, 0, 3, 10, 0]",
6,,,"[0, 0, 0, 0, 0, 0, 0, 0, 0, 0, 0, 0, 0, 0, 0, 0, 0, 1, 0, 0]",
3,-0.7610971927642822,3,,"[447, 460]"
4,0.04731963574886322,2,,"[448, 455]"
5,0.8190733790397644,0,,"[449, 452]"
6,0.15208079665899277,1,,"[450, 451]"
7,,,"[0, 0, 0, 0, 0, 0, 0, 0, 0, 0, 0, 5, 0, 0, 0, 0, 0, 0, 0, 0]",
7,,,"[0, 0, 0, 0, 197, 0, 0, 0, 0, 0, 0, 0, 0, 0, 0, 0, 0, 0, 0, 0]",
6,0.15478989481925964,1,,"[453, 454]"
7,,,"[0, 0, 0, 0, 0, 1, 0, 21, 0, 0, 0, 50, 0, 0, 57, 1903, 0, 25, 50, 0]",
7,,,"[0, 0, 0, 0, 0, 1, 0, 26, 0, 0, 0, 100, 2, 0, 0, 0, 0, 48, 22, 0]",
5,-0.9950684607028961,3,,"[456, 457]"
6,,,"[0, 0, 0, 0, 0, 0, 0, 0, 0, 0, 0, 11, 0, 0, 0, 0, 0, 0, 0, 0]",
6,-0.9536456763744354,3,,"[458, 459]"
7,,,"[0, 0, 0, 0, 0, 5, 0, 4, 0, 0, 0, 14, 0, 0, 0, 0, 0, 19, 17, 0]",
7,,,"[0, 0, 0, 0, 0, 0, 0, 0, 0, 0, 0, 27, 4, 0, 0, 0, 0, 25, 0, 0]",
4,0.1603609025478363,1,,"[461, 468]"
5,0.146931990981102,1,,"[462, 465]"
6,-0.5524148643016815,3,,"[463, 464]"
7,,,"[0, 0, 0, 0, 0, 0, 0, 19, 0, 0, 0, 15, 4, 0, 0, 278, 0, 16, 0, 0]",
7,,,"[0, 0, 0, 115, 531, 75, 0, 139, 107, 0, 0, 92, 177, 621, 131, 127, 0, 147, 219, 222]",
6,-0.7146469056606293,2,,"[466, 467]"
7,,,"[0, 0, 0, 14, 2964, 5, 0, 43, 67, 0, 0, 24, 69, 0, 0, 536, 0, 28, 28, 58]",
7,,,"[0, 0, 0, 28, 0, 0, 0, 15, 0, 0, 0, 28, 16, 0, 0, 138, 0, 60, 28, 0]",
5,0.5343676209449768,3,,"[469, 472]"
6,0.8916657567024231,0,,"[470, 471]"
7,,,"[339, 0, 0, 99, 0, 53, 0, 88, 165, 0, 0, 52, 78, 2325, 61, 0, 0, 57, 61, 198]",
7,,,"[0, 0, 0, 98, 0, 60, 133, 91, 228, 0, 0, 54, 83, 0, 74, 144, 0, 65, 72, 147]",
6,-0.7721279859542847,2,,"[473, 474]"
7,,,"[0, 0, 0, 28, 0, 19, 0, 9, 0, 0, 0, 14, 76, 0, 0, 0, 342, 6, 0, 51]",
7,,,"[0, 0, 0, 80, 0, 49, 0, 81, 60, 0, 0, 90, 84, 0, 0, 0, 0, 111, 223, 162]",
1,0.6029467582702637,1,,"[476, 539]"
2,0.0,3,,"[477, 508]"
3,0.8175452053546906,0,,"[478, 493]"
4,-0.5807787477970123,3,,"[479, 486]"
5,0.5294588506221771,0,,"[480, 483]"
6,0.15261460840702057,1,,"[481, 482]"
7,,,"[180, 0, 0, 27, 0, 3, 0, 46, 0, 0, 77, 119, 0, 0, 0, 1038, 0, 75, 106, 0]",
7,,,"[611, 0, 0, 115, 170, 48, 276, 136, 104, 333, 166, 328, 7, 287, 0, 0, 115, 204, 171, 30]",
6,0.5346729755401611,0,,"[484, 485]"
7,,,"[0, 679, 0, 0, 0, 4, 0, 7, 0, 0, 0, 22, 6, 0, 0, 0, 0, 18, 22, 0]",
7,,,"[457, 408, 0, 214, 570, 176, 97, 271, 229, 131, 237, 925, 46, 0, 843, 0, 247, 598, 622, 157]",
5,-0.9986298084259033,2,,"[487, 490]"
6,0.784883052110672,0,,"[488, 489]"
7,,,"[0, 0, 0, 62, 0, 63, 0, 87, 116, 70, 0, 36, 39, 0, 171, 0, 0, 43, 81, 148]",
7,,,"[0, 0, 0, 5, 0, 0, 0, 8, 0, 0, 0, 10, 12, 589, 0, 0, 0, 17, 0, 19]",
6,0.5786066055297852,0,,"[491, 492]"
7,,,"[462, 1022, 0, 331, 0, 149, 146, 722, 1505, 363, 0, 329, 92, 0, 847, 133, 116, 319, 151, 177]",
7,,,"[644, 0, 0, 147, 0, 145, 0, 690, 917, 362, 0, 394, 96, 533, 1022, 0, 125, 461, 404, 385]",
4,-0.6518748700618744,2,,"[494, 501]"
5,-0.7382990121841431,2,,"[495, 498]"
6,0.16080200672149658,1,,"[496, 497]"
7,,,"[0, 0, 0, 23, 2145, 19, 0, 116, 162, 0, 0, 35, 36, 606, 51, 448, 0, 41, 70, 12]",
7,,,"[182, 0, 0, 12, 0, 29, 125, 106, 356, 0, 0, 37, 28, 668, 58, 0, 0, 80, 60, 115]",
6,0.25334180891513824,1,,"[499, 500]"
7,,,"[0, 0, 0, 0, 0, 0, 0, 26, 0, 0, 0, 24, 3, 0, 0, 143, 0, 5, 22, 0]",
7,,,"[0, 0, 0, 0, 0, 0, 0, 3, 0, 0, 0, 1, 0, 830, 0, 0, 0, 4, 0, 0]",
5,0.1515587866306305,1,,"[502, 505]"
6,0.9278434813022614,0,,"[503, 504]"
7,,,"[0, 0, 0, 0, 0, 4, 0, 18, 0, 0, 0, 65, 0, 0, 0, 1794, 0, 66, 41, 0]",
7,,,"[0, 0, 0, 0, 0, 0, 0, 0, 0, 0, 0, 8, 0, 0, 76, 0, 0, 4, 0, 0]",
6,0.8190733790397644,0,,"[506, 507]"
7,,,"[0, 0, 0, 0, 235, 0, 0, 0, 0, 0, 0, 0, 0, 0, 0, 0, 0, 3, 0, 0]",
7,,,"[0, 0, 0, 0, 0, 7, 0, 36, 0, 0, 0, 116, 8, 0, 0, 160, 0, 127, 35, 0]",
3,0.3083554804325104,1,,"[509, 524]"
4,0.11593030393123627,2,,"[510, 517]"
5,0.8187837898731232,0,,"[511, 514]"
6,0.5455619692802429,0,,"[512, 513]"
7,,,"[0, 0, 0, 224, 179, 286, 75, 320, 324, 510, 0, 286, 545, 290, 116, 566, 519, 224, 267, 222]",
7,,,"[481, 0, 0, 849, 350, 1053, 89, 805, 106, 0, 0, 836, 1497, 253, 756, 0, 589, 852, 365, 1830]",
6,0.929940402507782,0,,"[515, 516]"
7,,,"[157, 0, 0, 308, 1275, 146, 0, 152, 0, 0, 0, 149, 375, 835, 63, 719, 0, 161, 174, 500]",
7,,,"[0, 0, 0, 91, 0, 90, 0, 75, 61, 0, 0, 49, 116, 0, 71, 0, 335, 59, 41, 117]",
5,0.3171795457601547,2,,"[518, 521]"
6,0.3008086681365967,2,,"[519, 520]"
7,,,"[158, 0, 0, 43, 0, 62, 0, 50, 0, 0, 0, 18, 123, 0, 0, 0, 0, 184, 459, 136]",
7,,,"[182, 0, 0, 0, 0, 9, 0, 1, 0, 0, 0, 0, 6, 0, 0, 0, 0, 40, 27, 0]",
6,0.6420309245586395,3,,"[522, 523]"
7,,,"[159, 0, 0, 14, 0, 10, 0, 4, 55, 0, 0, 8, 1, 0, 0, 0, 0, 78, 170, 0]",
7,,,"[0, 0, 0, 0, 0, 42, 0, 57, 67, 0, 0, 0, 50, 0, 49, 0, 0, 203, 739, 22]",
4,0.6084543466567993,3,,"[525, 532]"
5,-0.9412824511528015,2,,"[526, 529]"
6,0.6485585570335388,0,,"[527, 528]"
7,,,"[186, 0, 0, 236, 0, 438, 193, 199, 129, 636, 0, 99, 287, 0, 80, 0, 1245, 123, 58, 338]",
7,,,"[153, 0, 0, 132, 0, 310, 0, 120, 0, 0, 0, 62, 118, 0, 121, 0, 0, 42, 0, 155]",
6,0.5416228175163269,3,,"[530, 531]"
7,,,"[328, 0, 0, 282, 0, 778, 854, 256, 157, 228, 0, 114, 520, 0, 382, 0, 342, 132, 21, 225]",
7,,,"[0, 0, 0, 146, 0, 213, 202, 82, 0, 0, 0, 62, 162, 0, 0, 0, 497, 23, 16, 37]",
5,0.48617789149284363,1,,"[533, 536]"
6,0.41330716013908386,1,,"[534, 535]"
7,,,"[0, 983, 0, 560, 0, 382, 903, 325, 93, 207, 0, 360, 339, 0, 180, 0, 476, 410, 419, 337]",
7,,,"[0, 0, 0, 752, 0, 155, 953, 119, 0, 185, 0, 168, 229, 0, 49, 0, 0, 174, 162, 157]",
6,-0.2428407296538353,2,,"[537, 538]"
7,,,"[0, 1906, 0, 80, 0, 128, 110, 84, 0, 135, 0, 96, 84, 0, 0, 0, 82, 112, 74, 0]",
7,,,"[0, 0, 0, 20, 0, 64, 0, 9, 0, 111, 0, 18, 28, 0, 0, 0, 0, 40, 68, 17]",
2,0.06471146270632744,0,,"[540, 551]"
3,0.6582553088665009,1,,"[541, 542]"
4,,,"[0, 0, 0, 0, 0, 0, 0, 0, 0, 0, 175, 0, 0, 0, 0, 0, 0, 0, 0, 0]",
4,0.16900774696841836,3,,"[543, 548]"
5,0.04848923720419407,0,,"[544, 545]"
6,,,"[0, 0, 0, 0, 0, 0, 0, 0, 0, 0, 92, 0, 0, 0, 0, 0, 0, 0, 0, 0]",
6,0.6904099881649017,1,,"[546, 547]"
7,,,"[0, 0, 1567, 0, 0, 0, 0, 0, 0, 0, 0, 0, 0, 0, 0, 0, 0, 0, 0, 0]",
7,,,"[0, 0, 1940, 0, 0, 0, 177, 0, 0, 0, 354, 0, 0, 0, 0, 0, 0, 0, 0, 0]",
5,0.37720441818237305,3,,"[549, 550]"
6,,,"[0, 0, 0, 0, 0, 0, 0, 0, 0, 0, 178, 0, 0, 0, 0, 0, 0, 0, 0, 0]",
6,,,"[0, 0, 292, 0, 0, 0, 0, 0, 0, 0, 0, 0, 0, 0, 0, 0, 0, 0, 0, 0]",
3,0.8524878323078156,1,,"[552, 567]"
4,0.13705575466156006,0,,"[553, 560]"
5,-0.9935993552207947,2,,"[554, 557]"
6,0.6073921024799347,1,,"[555, 556]"
7,,,"[0, 0, 0, 0, 0, 0, 0, 0, 0, 0, 283, 0, 0, 0, 0, 0, 0, 0, 0, 0]",
7,,,"[0, 0, 588, 0, 0, 0, 0, 3, 0, 0, 180, 0, 0, 0, 0, 0, 0, 0, 0, 0]",
6,-0.3089139759540558,2,,"[558, 559]"
7,,,"[0, 0, 0, 0, 0, 0, 0, 0, 0, 0, 894, 1, 0, 0, 0, 0, 0, 0, 0, 0]",
7,,,"[0, 0, 0, 0, 0, 0, 0, 0, 0, 0, 63, 1, 0, 0, 0, 0, 0, 0, 0, 0]",
5,0.5149514973163605,0,,"[561, 564]"
6,0.7328880131244659,1,,"[562, 563]"
7,,,"[416, 0, 0, 138, 0, 43, 430, 8, 363, 1576, 0, 81, 85, 0, 0, 0, 255, 32, 22, 0]",
7,,,"[0, 0, 0, 8, 0, 0, 388, 0, 101, 35, 581, 9, 2, 0, 0, 0, 0, 1, 0, 0]",
6,0.766188770532608,1,,"[565, 566]"
7,,,"[154, 0, 0, 61, 0, 81, 0, 65, 70, 102, 0, 64, 61, 0, 0, 0, 0, 36, 37, 0]",
7,,,"[0, 0, 677, 0, 0, 0, 0, 0, 0, 0, 0, 0, 0, 0, 0, 0, 0, 0, 0, 0]",
4,-0.9648457765579224,3,,"[568, 573]"
5,0.6138209104537964,0,,"[569, 570]"
6,,,"[0, 0, 0, 0, 0, 0, 0, 0, 50, 0, 0, 0, 0, 0, 0, 0, 0, 0, 0, 0]",
6,0.6778274476528168,0,,"[571, 572]"
7,,,"[0, 0, 0, 0, 0, 0, 0, 0, 0, 0, 198, 0, 0, 0, 0, 0, 0, 0, 0, 0]",
7,,,"[0, 0, 0, 0, 0, 0, 0, 0, 0, 0, 96, 0, 0, 0, 0, 0, 0, 1, 0, 0]",
5,0.7024252116680145,0,,"[574, 577]"
6,0.6892847716808319,0,,"[575, 576]"
7,,,"[0, 0, 0, 0, 0, 0, 0, 0, 0, 0, 934, 0, 0, 0, 0, 0, 0, 0, 0, 0]",
7,,,"[0, 0, 0, 4, 0, 0, 0, 0, 0, 0, 242, 0, 0, 0, 0, 0, 0, 0, 0, 0]",
6,-0.8526055812835693,2,,"[578, 579]"
7,,,"[0, 0, 0, 0, 0, 0, 0, 0, 0, 0, 65, 0, 0, 0, 0, 0, 0, 0, 12, 0]",
7,,,"[0, 0, 0, 0, 0, 0, 0, 0, 0, 0, 189, 0, 0, 0, 0, 0, 0, 1, 0, 0]",
1,0.6039731800556183,1,,"[581, 644]"
2,0.8175708055496216,0,,"[582, 613]"
3,0.47452810406684875,1,,"[583, 598]"
4,0.13300977647304535,2,,"[584, 591]"
5,-0.017212719190865755,3,,"[585, 588]"
6,-0.7236172556877136,3,,"[586, 587]"
7,,,"[631, 0, 0, 168, 575, 159, 193, 212, 153, 297, 295, 965, 18, 313, 315, 1027, 252, 509, 466, 131]",
7,,,"[973, 723, 0, 585, 0, 321, 0, 1561, 2100, 597, 0, 859, 150, 1149, 2033, 140, 101, 884, 494, 581]",
6,0.6870273351669312,3,,"[589, 590]"
7,,,"[499, 0, 0, 1163, 173, 2553, 1207, 1039, 512, 1452, 0, 613, 2244, 272, 794, 148, 2166, 615, 170, 1803]",
7,,,"[318, 1048, 0, 2000, 354, 634, 1721, 985, 242, 384, 0, 1244, 1116, 282, 724, 443, 936, 1181, 830, 1235]",
5,0.16704543679952621,2,,"[592, 595]"
6,0.9886409640312195,3,,"[593, 594]"
7,,,"[522, 0, 0, 11, 0, 6, 0, 13, 0, 0, 0, 12, 7, 0, 66, 0, 0, 32, 145, 50]",
7,,,"[0, 0, 0, 8, 0, 16, 0, 17, 0, 0, 0, 8, 18, 0, 0, 0, 0, 28, 36, 0]",
6,-0.9679019451141357,3,,"[596, 597]"
7,,,"[0, 0, 0, 0, 164, 1, 0, 0, 0, 0, 0, 26, 0, 0, 69, 0, 0, 19, 30, 0]",
7,,,"[327, 0, 0, 60, 0, 201, 165, 172, 77, 0, 73, 79, 176, 0, 41, 0, 0, 677, 1645, 46]",
4,0.514153242111206,0,,"[599, 606]"
5,0.6084543466567993,3,,"[600, 603]"
6,0.6008983552455902,1,,"[601, 602]"
7,,,"[195, 0, 0, 153, 0, 424, 410, 178, 434, 200, 91, 221, 204, 0, 188, 0, 212, 152, 159, 163]",
7,,,"[331, 0, 0, 0, 0, 0, 0, 0, 0, 0, 72, 2, 0, 0, 0, 0, 0, 0, 0, 0]",
6,0.576897382736206,1,,"[604, 605]"
7,,,"[0, 0, 0, 101, 0, 166, 116, 88, 0, 48, 0, 83, 86, 0, 0, 0, 0, 124, 100, 15]",
7,,,"[0, 725, 0, 7, 0, 13, 0, 0, 0, 67, 0, 6, 3, 0, 0, 0, 0, 10, 43, 0]",
5,0.6349033415317535,0,,"[607, 610]"
6,0.5635644495487213,1,,"[608, 609]"
7,,,"[0, 2428, 0, 74, 0, 15, 104, 37, 46, 129, 0, 25, 32, 0, 0, 0, 611, 27, 56, 32]",
7,,,"[461, 0, 0, 0, 0, 18, 0, 11, 0, 0, 0, 13, 15, 0, 0, 0, 0, 20, 20, 0]",
6,-0.9087839722633362,2,,"[611, 612]"
7,,,"[0, 0, 0, 7, 0, 21, 0, 6, 0, 0, 0, 3, 42, 0, 256, 0, 0, 14, 0, 29]",
7,,,"[0, 0, 0, 35, 0, 20, 0, 40, 0, 36, 0, 44, 84, 0, 81, 0, 0, 43, 30, 0]",
3,0.1603609025478363,1,,"[614, 629]"
4,-0.7382990121841431,2,,"[615, 622]"
5,0.14071009308099747,1,,"[616, 619]"
6,0.9118351340293884,0,,"[617, 618]"
7,,,"[0, 0, 0, 64, 207, 48, 0, 65, 96, 0, 0, 37, 79, 0, 69, 0, 0, 64, 54, 130]",
7,,,"[0, 0, 0, 0, 165, 8, 0, 40, 0, 0, 0, 13, 37, 666, 67, 0, 0, 16, 0, 37]",
6,0.1514812931418419,1,,"[620, 621]"
7,,,"[0, 0, 0, 0, 1288, 16, 0, 21, 0, 0, 0, 19, 11, 0, 0, 693, 0, 9, 49, 20]",
7,,,"[0, 0, 0, 11, 1659, 1, 0, 36, 53, 0, 0, 28, 59, 0, 0, 0, 0, 20, 7, 61]",
5,0.6870273351669312,3,,"[623, 626]"
6,0.8323905169963837,0,,"[624, 625]"
7,,,"[0, 0, 0, 0, 243, 0, 0, 5, 0, 0, 0, 34, 3, 0, 0, 0, 0, 27, 16, 0]",
7,,,"[0, 0, 0, 0, 0, 1, 0, 42, 0, 0, 0, 76, 0, 0, 54, 2297, 0, 48, 42, 0]",
6,0.8206572532653809,0,,"[627, 628]"
7,,,"[0, 0, 0, 0, 175, 1, 0, 17, 0, 0, 0, 14, 4, 0, 0, 0, 0, 14, 4, 0]",
7,,,"[0, 0, 0, 75, 0, 10, 0, 49, 0, 0, 0, 54, 73, 0, 0, 138, 0, 119, 131, 33]",
4,0.8916657567024231,0,,"[630, 637]"
5,0.5343676209449768,3,,"[631, 634]"
6,0.31006596982479095,1,,"[632, 633]"
7,,,"[187, 0, 0, 93, 0, 63, 0, 94, 187, 0, 0, 106, 82, 2434, 55, 0, 0, 90, 54, 188]",
7,,,"[157, 0, 0, 0, 0, 6, 0, 0, 0, 0, 0, 3, 0, 0, 0, 0, 0, 4, 0, 0]",
6,0.21379291266202927,1,,"[635, 636]"
7,,,"[0, 0, 0, 0, 0, 23, 0, 28, 0, 0, 0, 39, 51, 0, 0, 0, 0, 30, 31, 104]",
7,,,"[0, 0, 0, 90, 0, 8, 0, 13, 0, 0, 0, 21, 21, 0, 0, 0, 0, 12, 56, 11]",
5,0.5379852652549744,3,,"[638, 641]"
6,0.8978236615657806,0,,"[639, 640]"
7,,,"[0, 0, 0, 0, 0, 0, 0, 11, 0, 0, 0, 11, 11, 0, 0, 129, 0, 10, 12, 0]",
7,,,"[0, 0, 0, 91, 0, 73, 99, 118, 240, 0, 0, 91, 72, 0, 59, 0, 0, 108, 117, 147]",
6,0.6354087889194489,3,,"[642, 643]"
7,,,"[0, 0, 0, 0, 0, 8, 0, 3, 53, 0, 0, 1, 31, 0, 0, 0, 379, 2, 0, 15]",
7,,,"[0, 0, 0, 26, 0, 28, 0, 32, 0, 0, 0, 51, 38, 0, 0, 0, 0, 70, 101, 70]",
2,-0.7382990121841431,2,,"[645, 668]"
3,0.06471146270632744,0,,"[646, 655]"
4,0.04848923720419407,0,,"[647, 648]"
5,,,"[0, 0, 0, 0, 0, 0, 0, 0, 0, 0, 90, 0, 0, 0, 0, 0, 0, 0, 0, 0]",
5,-0.9246903657913208,2,,"[649, 652]"
6,0.16900774696841836,3,,"[650, 651]"
7,,,"[0, 0, 1598, 0, 0, 0, 0, 0, 0, 0, 326, 0, 0, 0, 0, 0, 0, 0, 0, 0]",
7,,,"[0, 0, 0, 0, 0, 0, 0, 0, 0, 0, 160, 0, 0, 0, 0, 0, 0, 0, 0, 0]",
6,0.7100155651569366,1,,"[653, 654]"
7,,,"[0, 0, 923, 0, 0, 0, 192, 0, 0, 0, 81, 0, 0, 0, 0, 0, 0, 0, 0, 0]",
7,,,"[0, 0, 1322, 0, 0, 0, 0, 0, 0, 0, 97, 0, 0, 0, 0, 0, 0, 0, 0, 0]",
4,-0.9946339726448059,2,,"[656, 661]"
5,0.7269603312015533,1,,"[657, 660]"
6,0.617524653673172,1,,"[658, 659]"
7,,,"[0, 0, 305, 0, 0, 8, 0, 6, 0, 41, 325, 2, 0, 0, 0, 0, 0, 0, 0, 0]",
7,,,"[0, 0, 0, 21, 0, 29, 0, 4, 63, 306, 68, 12, 49, 0, 0, 0, 0, 3, 12, 0]",
6,,,"[0, 0, 684, 0, 0, 0, 0, 0, 0, 0, 0, 0, 0, 0, 0, 0, 0, 0, 0, 0]",
5,0.635536402463913,0,,"[662, 665]"
6,-0.6616101264953613,3,,"[663, 664]"
7,,,"[0, 0, 281, 13, 0, 9, 0, 0, 0, 0, 0, 0, 0, 0, 0, 0, 0, 0, 0, 0]",
7,,,"[0, 0, 0, 128, 0, 64, 100, 44, 258, 643, 964, 65, 91, 0, 0, 0, 103, 46, 15, 0]",
6,-0.6419596076011658,3,,"[666, 667]"
7,,,"[0, 0, 0, 11, 0, 0, 0, 0, 0, 0, 101, 0, 0, 0, 0, 0, 0, 0, 0, 0]",
7,,,"[0, 0, 0, 0, 0, 0, 0, 0, 0, 0, 804, 0, 0, 0, 0, 0, 0, 0, 10, 0]",
3,0.6325340867042542,0,,"[669, 684]"
4,-0.7909163534641266,3,,"[670, 677]"
5,0.13705575466156006,0,,"[671, 674]"
6,-0.3089139759540558,2,,"[672, 673]"
7,,,"[0, 0, 0, 0, 0, 0, 0, 0, 0, 0, 307, 0, 0, 0, 0, 0, 0, 0, 0, 0]",
7,,,"[0, 0, 0, 0, 0, 0, 0, 0, 0, 0, 68, 3, 0, 0, 0, 0, 0, 0, 0, 0]",
6,0.3453995883464813,0,,"[675, 676]"
7,,,"[0, 0, 0, 11, 0, 0, 396, 0, 90, 0, 60, 7, 0, 0, 0, 0, 0, 0, 0, 0]",
7,,,"[0, 0, 0, 0, 0, 2, 196, 3, 190, 357, 175, 29, 0, 0, 0, 0, 0, 17, 12, 0]",
5,-0.6320097744464874,2,,"[678, 681]"
6,-0.6901478171348572,2,,"[679, 680]"
7,,,"[0, 0, 0, 9, 0, 3, 105, 2, 0, 150, 0, 5, 5, 0, 0, 0, 109, 7, 0, 0]",
7,,,"[0, 0, 0, 0, 0, 0, 0, 0, 0, 212, 0, 5, 0, 0, 0, 0, 0, 6, 7, 0]",
6,0.516960471868515,0,,"[682, 683]"
7,,,"[408, 0, 0, 13, 0, 3, 0, 3, 0, 122, 0, 7, 2, 0, 0, 0, 0, 10, 22, 0]",
7,,,"[0, 0, 0, 9, 0, 26, 0, 8, 0, 0, 0, 7, 7, 0, 0, 0, 0, 13, 0, 0]",
4,0.7027954757213593,0,,"[685, 686]"
5,,,"[0, 0, 0, 0, 0, 0, 0, 0, 0, 0, 579, 0, 0, 0, 0, 0, 0, 0, 0, 0]",
5,-0.6559642851352692,2,,"[687, 688]"
6,,,"[0, 0, 0, 0, 0, 0, 0, 0, 0, 0, 0, 0, 0, 0, 0, 0, 0, 3, 0, 0]",
6,,,"[0, 0, 0, 0, 0, 0, 0, 0, 0, 0, 75, 0, 0, 0, 0, 0, 0, 0, 0, 0]",
1,0.13691896200180054,0,,"[690, 725]"
2,0.6103869080543518,1,,"[691, 710]"
3,0.06818803399801254,0,,"[692, 695]"
4,-0.5999357551336288,2,,"[693, 694]"
5,,,"[0, 0, 0, 0, 0, 0, 0, 0, 0, 0, 0, 5, 0, 0, 0, 0, 0, 0, 0, 0]",
5,,,"[0, 323, 0, 0, 0, 0, 0, 0, 0, 0, 0, 0, 0, 0, 0, 0, 0, 0, 0, 0]",
4,0.12010650709271431,0,,"[696, 703]"
5,0.10556166991591454,0,,"[697, 700]"
6,0.09674360230565071,0,,"[698, 699]"
7,,,"[0, 0, 0, 0, 0, 0, 0, 0, 0, 0, 0, 2, 0, 0, 0, 0, 0, 2, 0, 0]",
7,,,"[0, 0, 0, 0, 0, 0, 0, 0, 0, 0, 0, 0, 3, 0, 0, 0, 0, 0, 0, 0]",
6,0.5376165360212326,1,,"[701, 702]"
7,,,"[0, 0, 0, 10, 0, 0, 0, 0, 0, 0, 0, 2, 0, 0, 0, 0, 0, 0, 0, 0]",
7,,,"[0, 0, 0, 0, 0, 0, 0, 0, 0, 0, 431, 0, 0, 0, 0, 0, 0, 0, 0, 0]",
5,-0.9109944999217987,2,,"[704, 707]"
6,-0.13715166598558426,3,,"[705, 706]"
7,,,"[0, 0, 0, 16, 0, 0, 0, 0, 0, 0, 0, 0, 0, 0, 0, 0, 0, 0, 0, 0]",
7,,,"[0, 0, 0, 0, 0, 0, 0, 0, 0, 0, 0, 1, 0, 0, 0, 0, 0, 0, 0, 0]",
6,0.4801484942436218,1,,"[708, 709]"
7,,,"[0, 0, 0, 0, 0, 0, 0, 0, 0, 0, 0, 0, 2, 0, 0, 0, 0, 0, 0, 0]",
7,,,"[0, 0, 0, 0, 0, 0, 0, 0, 0, 0, 0, 1, 0, 0, 0, 0, 0, 0, 0, 0]",
3,-0.6319238841533661,2,,"[711, 720]"
4,0.7359557747840881,1,,"[712, 719]"
5,0.6904099881649017,1,,"[713, 716]"
6,0.05913550592958927,0,,"[714, 715]"
7,,,"[0, 0, 0, 0, 0, 0, 0, 0, 0, 0, 77, 0, 0, 0, 0, 0, 0, 0, 0, 0]",
7,,,"[0, 0, 2158, 0, 0, 0, 0, 2, 0, 0, 261, 0, 0, 0, 0, 0, 0, 0, 0, 0]",
6,0.7097208499908447,1,,"[717, 718]"
7,,,"[0, 0, 0, 0, 0, 0, 83, 0, 0, 0, 501, 1, 0, 0, 0, 0, 0, 0, 0, 0]",
7,,,"[0, 0, 2058, 0, 0, 0, 60, 0, 0, 0, 403, 0, 0, 0, 0, 0, 0, 0, 0, 0]",
5,,,"[0, 0, 0, 0, 0, 0, 0, 0, 0, 0, 184, 0, 0, 0, 0, 0, 0, 0, 0, 0]",
4,0.11161434650421143,0,,"[721, 724]"
5,0.09045758470892906,0,,"[722, 723]"
6,,,"[0, 0, 0, 0, 0, 0, 0, 0, 0, 0, 74, 0, 0, 0, 0, 0, 0, 0, 0, 0]",
6,,,"[0, 0, 0, 0, 0, 0, 0, 0, 0, 0, 0, 1, 0, 0, 0, 0, 0, 0, 0, 0]",
5,,,"[0, 0, 0, 0, 0, 0, 0, 0, 0, 0, 240, 0, 0, 0, 0, 0, 0, 0, 0, 0]",
2,0.8175708055496216,0,,"[726, 751]"
3,0.7788071930408478,1,,"[727, 742]"
4,0.582980215549469,1,,"[728, 735]"
5,0.13300977647304535,2,,"[729, 732]"
6,-0.793542206287384,2,,"[730, 731]"
7,,,"[1823, 1044, 0, 1627, 206, 3098, 1661, 2582, 3091, 2043, 100, 1382, 2389, 1382, 2992, 271, 2939, 1422, 743, 2477]",
7,,,"[1147, 3590, 0, 2530, 962, 1207, 2180, 1638, 607, 954, 311, 2748, 1590, 579, 1526, 1485, 1363, 2088, 1551, 1622]",
6,-0.985911637544632,3,,"[733, 734]"
7,,,"[343, 0, 0, 0, 0, 7, 0, 5, 0, 0, 0, 21, 0, 0, 66, 0, 0, 13, 82, 0]",
7,,,"[476, 0, 0, 70, 156, 260, 177, 151, 108, 0, 94, 129, 224, 0, 93, 0, 0, 686, 1731, 69]",
5,0.28549283742904663,0,,"[736, 739]"
6,0.620857834815979,1,,"[737, 738]"
7,,,"[499, 0, 0, 30, 0, 7, 0, 0, 112, 0, 0, 10, 0, 0, 0, 0, 0, 0, 0, 0]",
7,,,"[0, 0, 0, 50, 0, 0, 96, 0, 96, 0, 0, 20, 11, 0, 0, 0, 0, 0, 0, 0]",
6,0.6845410764217377,1,,"[740, 741]"
7,,,"[455, 0, 0, 66, 0, 159, 432, 70, 175, 1916, 0, 98, 99, 0, 0, 0, 233, 82, 67, 0]",
7,,,"[0, 0, 0, 56, 0, 26, 101, 16, 185, 62, 90, 38, 46, 0, 0, 0, 0, 36, 23, 0]",
4,-0.9956719875335693,2,,"[743, 744]"
5,,,"[0, 0, 346, 0, 0, 0, 0, 0, 0, 0, 0, 0, 0, 0, 0, 0, 0, 0, 0, 0]",
5,0.8536058068275452,1,,"[745, 748]"
6,0.5176151692867279,0,,"[746, 747]"
7,,,"[0, 0, 0, 0, 0, 0, 193, 0, 0, 43, 475, 8, 0, 0, 0, 0, 0, 0, 0, 0]",
7,,,"[0, 0, 283, 0, 0, 0, 0, 0, 0, 0, 0, 0, 0, 0, 0, 0, 0, 0, 0, 0]",
6,0.6107960641384125,0,,"[749, 750]"
7,,,"[0, 0, 0, 0, 0, 0, 0, 0, 53, 0, 105, 0, 0, 0, 0, 0, 0, 0, 0, 0]",
7,,,"[0, 0, 0, 6, 0, 0, 0, 0, 0, 0, 1614, 0, 0, 0, 0, 0, 0, 2, 14, 0]",
3,-0.7610971927642822,3,,"[752, 767]"
4,0.8323674201965332,0,,"[753, 760]"
5,-0.8038609623908997,3,,"[754, 757]"
6,-0.055865219328552485,2,,"[755, 756]"
7,,,"[0, 0, 0, 0, 0, 1, 0, 12, 0, 0, 0, 35, 0, 0, 0, 0, 0, 11, 9, 0]",
7,,,"[0, 0, 0, 0, 0, 3, 0, 2, 0, 0, 0, 2, 0, 0, 0, 0, 0, 15, 0, 0]",
6,0.8203199803829193,0,,"[758, 759]"
7,,,"[0, 0, 0, 0, 191, 0, 0, 0, 0, 0, 0, 0, 0, 0, 0, 0, 0, 1, 0, 0]",
7,,,"[0, 0, 0, 0, 0, 0, 0, 0, 0, 0, 0, 2, 8, 0, 0, 0, 0, 0, 0, 0]",
5,0.15408732742071152,1,,"[761, 764]"
6,0.9277570247650146,0,,"[762, 763]"
7,,,"[0, 0, 0, 0, 0, 1, 0, 18, 0, 0, 0, 38, 0, 0, 0, 1923, 0, 32, 27, 0]",
7,,,"[0, 0, 0, 0, 0, 0, 0, 0, 0, 0, 0, 6, 0, 0, 55, 0, 0, 8, 0, 0]",
6,0.18824123591184616,1,,"[765, 766]"
7,,,"[0, 0, 0, 0, 0, 0, 0, 6, 0, 0, 0, 11, 0, 0, 0, 0, 0, 17, 37, 0]",
7,,,"[0, 0, 0, 0, 0, 3, 0, 15, 0, 0, 0, 80, 0, 0, 0, 0, 0, 73, 7, 0]",
4,0.1603609025478363,1,,"[768, 775]"
5,0.146931990981102,1,,"[769, 772]"
6,0.911913275718689,0,,"[770, 771]"
7,,,"[0, 0, 0, 131, 372, 68, 0, 116, 124, 0, 0, 71, 123, 0, 69, 472, 0, 113, 187, 157]",
7,,,"[0, 0, 0, 0, 170, 11, 0, 42, 0, 0, 0, 10, 50, 586, 62, 0, 0, 24, 0, 34]",
6,0.3856491148471832,3,,"[773, 774]"
7,,,"[0, 0, 0, 11, 2485, 8, 0, 42, 55, 0, 0, 25, 21, 0, 0, 275, 0, 32, 21, 19]",
7,,,"[0, 0, 0, 35, 378, 4, 0, 22, 0, 0, 0, 39, 56, 0, 0, 384, 0, 53, 46, 39]",
5,-0.6744186580181122,3,,"[776, 779]"
6,0.25334180891513824,1,,"[777, 778]"
7,,,"[0, 0, 0, 0, 0, 0, 0, 5, 0, 0, 0, 9, 5, 0, 0, 0, 0, 8, 12, 0]",
7,,,"[0, 0, 0, 0, 0, 0, 0, 0, 0, 0, 0, 4, 0, 895, 0, 0, 0, 3, 0, 0]",
6,0.8916657567024231,0,,"[780, 781]"
7,,,"[351, 0, 0, 161, 0, 85, 0, 116, 179, 0, 0, 109, 154, 1549, 53, 0, 0, 104, 127, 346]",
7,,,"[0, 0, 0, 121, 0, 128, 120, 141, 267, 0, 0, 78, 157, 0, 53, 120, 343, 123, 180, 227]",
1,0.6039731800556183,1,,"[783, 846]"
2,0.8175708055496216,0,,"[784, 815]"
3,0.13300977647304535,2,,"[785, 800]"
4,-0.793542206287384,2,,"[786, 793]"
5,0.5578296184539795,1,,"[787, 790]"
6,0.7209413349628448,0,,"[788, 789]"
7,,,"[1493, 368, 0, 1430, 163, 2598, 1473, 2173, 2518, 2009, 94, 983, 1950, 562, 2668, 260, 2413, 1029, 608, 1540]",
7,,,"[0, 0, 0, 179, 0, 377, 123, 410, 363, 0, 0, 260, 434, 804, 186, 0, 446, 321, 94, 890]",
6,0.5266682803630829,0,,"[791, 792]"
7,,,"[495, 0, 0, 62, 0, 132, 0, 65, 113, 103, 71, 63, 84, 0, 115, 0, 0, 50, 13, 43]",
7,,,"[164, 600, 0, 0, 0, 14, 0, 10, 0, 0, 0, 4, 10, 0, 0, 0, 108, 3, 0, 31]",
5,-0.7693863213062286,3,,"[794, 797]"
6,-0.10737737268209457,2,,"[795, 796]"
7,,,"[304, 0, 0, 154, 385, 140, 330, 182, 269, 406, 162, 808, 23, 310, 319, 766, 232, 408, 420, 115]",
7,,,"[470, 0, 0, 28, 0, 20, 0, 14, 66, 26, 57, 165, 3, 0, 128, 0, 0, 108, 122, 19]",
6,0.47452810406684875,1,,"[798, 799]"
7,,,"[287, 1525, 0, 2163, 527, 860, 1675, 1270, 275, 429, 86, 1587, 1397, 262, 1078, 717, 1112, 1328, 918, 1428]",
7,,,"[176, 2482, 0, 196, 0, 142, 99, 175, 0, 206, 0, 153, 177, 0, 0, 0, 77, 209, 137, 42]",
4,-0.985911637544632,3,,"[801, 808]"
5,0.1500498354434967,2,,"[802, 805]"
6,0.07202010584296659,1,,"[803, 804]"
7,,,"[183, 0, 0, 0, 0, 0, 0, 0, 0, 0, 0, 0, 0, 0, 0, 0, 0, 0, 0, 0]",
7,,,"[0, 0, 0, 0, 0, 2, 0, 0, 0, 0, 0, 6, 0, 0, 0, 0, 0, 8, 46, 0]",
6,0.436813622713089,0,,"[806, 807]"
7,,,"[163, 0, 0, 0, 0, 0, 0, 0, 0, 0, 0, 2, 0, 0, 0, 0, 0, 0, 0, 0]",
7,,,"[0, 0, 0, 0, 0, 1, 0, 5, 0, 0, 0, 5, 0, 0, 86, 0, 0, 9, 15, 0]",
5,-0.9634348750114441,3,,"[809, 812]"
6,-0.9720821976661682,3,,"[810, 811]"
7,,,"[0, 0, 0, 0, 0, 2, 0, 0, 0, 0, 0, 27, 0, 0, 0, 0, 0, 11, 28, 0]",
7,,,"[0, 0, 0, 0, 144, 0, 0, 2, 0, 0, 0, 22, 0, 0, 64, 0, 0, 5, 20, 0]",
6,0.1418948620557785,1,,"[813, 814]"
7,,,"[0, 0, 0, 17, 0, 15, 0, 37, 0, 0, 0, 26, 44, 0, 0, 0, 0, 162, 553, 16]",
7,,,"[446, 0, 0, 83, 0, 263, 163, 143, 124, 0, 80, 85, 160, 0, 47, 0, 0, 595, 1285, 44]",
3,-0.6518748700618744,2,,"[816, 831]"
4,-0.6744186580181122,3,,"[817, 824]"
5,0.25248534977436066,1,,"[818, 821]"
6,-0.7265805900096893,2,,"[819, 820]"
7,,,"[0, 0, 0, 0, 0, 0, 0, 1, 0, 0, 0, 3, 0, 0, 0, 138, 0, 0, 0, 0]",
7,,,"[0, 0, 0, 0, 0, 0, 0, 19, 0, 0, 0, 17, 7, 0, 0, 0, 0, 8, 28, 0]",
6,0.8787107169628143,0,,"[822, 823]"
7,,,"[0, 0, 0, 0, 0, 0, 0, 0, 0, 0, 0, 0, 0, 848, 0, 0, 0, 4, 0, 0]",
7,,,"[0, 0, 0, 0, 0, 0, 0, 2, 0, 0, 0, 5, 0, 0, 0, 0, 0, 5, 0, 0]",
5,0.16080200672149658,1,,"[825, 828]"
6,-0.9998148083686829,2,,"[826, 827]"
7,,,"[0, 0, 0, 0, 0, 0, 0, 5, 0, 0, 0, 0, 0, 306, 0, 0, 0, 8, 0, 23]",
7,,,"[0, 0, 0, 92, 3565, 78, 0, 164, 170, 0, 0, 100, 216, 332, 138, 826, 0, 83, 104, 228]",
6,0.8916657567024231,0,,"[829, 830]"
7,,,"[341, 0, 0, 138, 0, 74, 0, 96, 203, 0, 0, 79, 109, 1439, 60, 0, 0, 49, 42, 249]",
7,,,"[0, 0, 0, 98, 0, 96, 110, 115, 230, 0, 0, 44, 128, 0, 55, 132, 364, 67, 50, 146]",
4,-0.7610971927642822,3,,"[832, 839]"
5,0.8190733790397644,0,,"[833, 836]"
6,0.8188513517379761,0,,"[834, 835]"
7,,,"[0, 0, 0, 0, 0, 0, 0, 0, 0, 0, 0, 4, 0, 0, 0, 0, 0, 2, 0, 0]",
7,,,"[0, 0, 0, 0, 214, 0, 0, 0, 0, 0, 0, 0, 0, 0, 0, 0, 0, 0, 0, 0]",
6,0.15408732742071152,1,,"[837, 838]"
7,,,"[0, 0, 0, 0, 0, 3, 0, 27, 0, 0, 0, 68, 3, 0, 57, 1974, 0, 39, 35, 0]",
7,,,"[0, 0, 0, 0, 0, 6, 0, 25, 0, 0, 0, 117, 1, 0, 0, 0, 0, 99, 37, 0]",
5,0.2511807605624199,2,,"[840, 843]"
6,0.9804601073265076,3,,"[841, 842]"
7,,,"[0, 0, 0, 93, 0, 14, 0, 88, 0, 0, 0, 95, 61, 0, 0, 131, 0, 88, 110, 193]",
7,,,"[0, 0, 0, 57, 0, 8, 0, 36, 0, 0, 0, 29, 36, 0, 0, 0, 0, 83, 105, 14]",
6,0.7666304409503937,2,,"[844, 845]"
7,,,"[0, 0, 0, 0, 0, 5, 0, 6, 0, 0, 0, 2, 5, 0, 0, 0, 0, 74, 135, 0]",
7,,,"[0, 0, 0, 17, 0, 2, 0, 0, 70, 0, 0, 1, 0, 0, 0, 0, 0, 24, 48, 0]",
2,0.06471146270632744,0,,"[847, 856]"
3,-0.9972977340221405,2,,"[848, 849]"
4,,,"[0, 0, 601, 0, 0, 0, 0, 0, 0, 0, 0, 0, 0, 0, 0, 0, 0, 0, 0, 0]",
4,0.06312761828303337,0,,"[850, 855]"
5,0.6582553088665009,1,,"[851, 852]"
6,,,"[0, 0, 0, 0, 0, 0, 0, 0, 0, 0, 160, 0, 0, 0, 0, 0, 0, 0, 0, 0]",
6,0.04848923720419407,0,,"[853, 854]"
7,,,"[0, 0, 0, 0, 0, 0, 0, 0, 0, 0, 91, 0, 0, 0, 0, 0, 0, 0, 0, 0]",
7,,,"[0, 0, 2992, 0, 0, 0, 183, 0, 0, 0, 335, 0, 0, 0, 0, 0, 0, 0, 0, 0]",
5,,,"[0, 0, 0, 0, 0, 0, 0, 0, 0, 0, 181, 0, 0, 0, 0, 0, 0, 0, 0, 0]",
3,0.6391023695468903,0,,"[857, 872]"
4,0.13705575466156006,0,,"[858, 865]"
5,0.08538692817091942,0,,"[859, 862]"
6,0.21809665858745575,3,,"[860, 861]"
7,,,"[0, 0, 0, 0, 0, 0, 0, 0, 0, 0, 386, 0, 0, 0, 0, 0, 0, 0, 0, 0]",
7,,,"[0, 0, 0, 0, 0, 0, 0, 0, 0, 0, 83, 1, 0, 0, 0, 0, 0, 0, 0, 0]",
6,-0.9822655916213989,2,,"[863, 864]"
7,,,"[0, 0, 613, 0, 0, 0, 0, 4, 0, 0, 330, 0, 0, 0, 0, 0, 0, 0, 0, 0]",
7,,,"[0, 0, 0, 0, 0, 0, 0, 0, 0, 0, 582, 0, 0, 0, 0, 0, 0, 0, 0, 0]",
5,0.5148679316043854,0,,"[866, 869]"
6,0.7328880131244659,1,,"[867, 868]"
7,,,"[312, 0, 0, 111, 0, 46, 436, 8, 371, 1635, 0, 89, 93, 0, 0, 0, 230, 34, 37, 0]",
7,,,"[0, 0, 0, 6, 0, 0, 368, 0, 108, 44, 598, 5, 0, 0, 0, 0, 0, 1, 0, 0]",
6,0.7662684619426727,1,,"[870, 871]"
7,,,"[141, 0, 0, 70, 0, 80, 0, 50, 72, 101, 0, 71, 60, 0, 0, 0, 0, 66, 21, 0]",
7,,,"[0, 0, 617, 0, 0, 0, 0, 0, 64, 0, 0, 2, 0, 0, 0, 0, 0, 0, 0, 0]",
4,0.6897555887699127,0,,"[873, 876]"
5,-0.9977693259716034,3,,"[874, 875]"
6,,,"[0, 0, 0, 0, 0, 0, 0, 0, 0, 0, 0, 0, 0, 0, 0, 0, 0, 2, 0, 0]",
6,,,"[0, 0, 0, 0, 0, 0, 0, 0, 0, 0, 1077, 0, 0, 0, 0, 0, 0, 0, 0, 0]",
5,0.9308959543704987,1,,"[877, 878]"
6,,,"[0, 0, 0, 9, 0, 0, 0, 0, 0, 0, 0, 0, 0, 0, 0, 0, 0, 0, 0, 0]",
6,0.016438186168670654,3,,"[879, 880]"
7,,,"[0, 0, 0, 0, 0, 0, 0, 0, 0, 0, 419, 0, 0, 0, 0, 0, 0, 3, 0, 0]",
7,,,"[0, 0, 0, 0, 0, 0, 0, 0, 0, 0, 87, 0, 0, 0, 0, 0, 0, 0, 6, 0]",
1,0.13701417297124863,0,,"[882, 907]"
2,0.6103869080543518,1,,"[883, 892]"
3,0.5458488315343857,1,,"[884, 891]"
4,0.06715241074562073,0,,"[885, 886]"
5,,,"[0, 338, 0, 0, 0, 0, 0, 0, 0, 0, 0, 0, 0, 0, 0, 0, 0, 0, 0, 0]",
5,0.4258231222629547,1,,"[887, 888]"
6,,,"[0, 0, 0, 0, 0, 0, 0, 0, 0, 0, 0, 0, 7, 0, 0, 0, 0, 0, 0, 0]",
6,0.11202770844101906,0,,"[889, 890]"
7,,,"[0, 0, 0, 0, 0, 0, 0, 0, 0, 0, 0, 6, 0, 0, 0, 0, 0, 1, 0, 0]",
7,,,"[0, 0, 0, 23, 0, 0, 0, 0, 0, 0, 0, 5, 5, 0, 0, 0, 0, 0, 0, 0]",
4,,,"[0, 0, 0, 0, 0, 0, 0, 0, 0, 0, 480, 0, 0, 0, 0, 0, 0, 0, 0, 0]",
3,-0.761193037033081,3,,"[893, 898]"
4,0.11161434650421143,0,,"[894, 897]"
5,-0.3170033246278763,2,,"[895, 896]"
6,,,"[0, 0, 0, 0, 0, 0, 0, 0, 0, 0, 72, 0, 0, 0, 0, 0, 0, 0, 0, 0]",
6,,,"[0, 0, 0, 0, 0, 0, 0, 0, 0, 0, 0, 1, 0, 0, 0, 0, 0, 0, 0, 0]",
5,,,"[0, 0, 0, 0, 0, 0, 0, 0, 0, 0, 247, 0, 0, 0, 0, 0, 0, 0, 0, 0]",
4,0.7359557747840881,1,,"[899, 906]"
5,-0.24643681198358536,3,,"[900, 903]"
6,0.7100155651569366,1,,"[901, 902]"
7,,,"[0, 0, 856, 0, 0, 0, 160, 0, 0, 0, 165, 0, 0, 0, 0, 0, 0, 0, 0, 0]",
7,,,"[0, 0, 1303, 0, 0, 0, 0, 0, 0, 0, 101, 0, 0, 0, 0, 0, 0, 0, 0, 0]",
6,-0.12020359188318253,3,,"[904, 905]"
7,,,"[0, 0, 0, 0, 0, 0, 0, 0, 0, 0, 378, 0, 0, 0, 0, 0, 0, 0, 0, 0]",
7,,,"[0, 0, 2160, 0, 0, 0, 0, 4, 0, 0, 715, 0, 0, 0, 0, 0, 0, 0, 0, 0]",
5,,,"[0, 0, 0, 0, 0, 0, 0, 0, 0, 0, 171, 0, 0, 0, 0, 0, 0, 0, 0, 0]",
2,0.7793710827827454,1,,"[908, 939]"
3,0.0,3,,"[909, 924]"
4,0.8175452053546906,0,,"[910, 917]"
5,0.5638910830020905,1,,"[911, 914]"
6,0.47439493238925934,1,,"[912, 913]"
7,,,"[1842, 745, 0, 802, 663, 481, 206, 1830, 2334, 966, 379, 1967, 206, 1486, 2544, 1140, 352, 1526, 1325, 814]",
7,,,"[0, 1326, 0, 129, 0, 88, 308, 121, 428, 56, 91, 148, 46, 0, 417, 0, 233, 120, 183, 95]",
6,0.620857834815979,1,,"[915, 916]"
7,,,"[770, 0, 0, 28, 0, 22, 0, 33, 161, 315, 0, 63, 1, 0, 0, 0, 0, 35, 31, 0]",
7,,,"[0, 0, 0, 87, 0, 34, 632, 29, 446, 807, 76, 71, 57, 0, 0, 0, 116, 38, 11, 0]",
5,-0.6518748700618744,2,,"[918, 921]"
6,0.16080200672149658,1,,"[919, 920]"
7,,,"[0, 0, 0, 37, 2182, 12, 0, 140, 153, 0, 0, 64, 23, 620, 56, 560, 0, 48, 55, 7]",
7,,,"[162, 0, 0, 15, 0, 21, 121, 100, 339, 0, 0, 62, 39, 1526, 44, 0, 0, 78, 87, 126]",
6,-0.9158558249473572,3,,"[922, 923]"
7,,,"[0, 0, 0, 0, 0, 8, 0, 25, 0, 0, 0, 100, 0, 0, 0, 1513, 0, 62, 73, 0]",
7,,,"[0, 0, 0, 0, 234, 1, 0, 20, 0, 0, 0, 79, 5, 0, 72, 463, 0, 90, 6, 0]",
4,0.6050504744052887,3,,"[925, 932]"
5,0.8187837898731232,0,,"[926, 929]"
6,0.6405720710754395,1,,"[927, 928]"
7,,,"[825, 0, 0, 1087, 187, 2885, 1396, 1084, 522, 1400, 0, 619, 2152, 252, 904, 141, 2799, 647, 291, 1795]",
7,,,"[0, 0, 0, 72, 0, 32, 0, 6, 0, 517, 0, 22, 59, 0, 0, 0, 114, 14, 0, 0]",
6,0.5416228175163269,3,,"[930, 931]"
7,,,"[175, 0, 0, 235, 986, 178, 0, 122, 62, 0, 0, 57, 237, 870, 53, 234, 0, 70, 88, 372]",
7,,,"[0, 0, 0, 33, 178, 11, 0, 10, 0, 0, 0, 15, 69, 0, 0, 152, 259, 13, 17, 52]",
5,0.48617789149284363,1,,"[933, 936]"
6,0.40845467150211334,1,,"[934, 935]"
7,,,"[742, 740, 0, 1554, 523, 935, 515, 1222, 431, 166, 0, 1375, 1667, 250, 821, 687, 1043, 1811, 2419, 1474]",
7,,,"[0, 0, 0, 824, 0, 203, 1313, 125, 41, 245, 0, 142, 235, 0, 122, 0, 0, 163, 186, 185]",
6,0.4806522876024246,0,,"[937, 938]"
7,,,"[160, 354, 0, 87, 0, 141, 102, 71, 0, 381, 0, 56, 70, 0, 0, 0, 0, 110, 91, 0]",
7,,,"[134, 1435, 0, 42, 0, 103, 0, 27, 0, 95, 0, 57, 74, 0, 0, 0, 98, 75, 48, 17]",
3,-0.9956719875335693,2,,"[940, 941]"
4,,,"[0, 0, 369, 0, 0, 0, 0, 0, 0, 0, 0, 0, 0, 0, 0, 0, 0, 0, 0, 0]",
4,0.8797326982021332,1,,"[942, 949]"
5,-0.5542913377285004,3,,"[943, 946]"
6,-0.7012527883052826,2,,"[944, 945]"
7,,,"[0, 0, 276, 0, 0, 0, 0, 0, 0, 0, 0, 0, 0, 0, 0, 0, 0, 0, 0, 0]",
7,,,"[0, 0, 0, 0, 0, 0, 188, 0, 73, 42, 175, 3, 0, 0, 0, 0, 0, 0, 0, 0]",
6,-0.8815253376960754,2,,"[947, 948]"
7,,,"[0, 0, 0, 0, 0, 0, 0, 0, 0, 0, 382, 6, 0, 0, 0, 0, 0, 0, 0, 0]",
7,,,"[0, 0, 0, 0, 0, 0, 0, 0, 0, 0, 0, 1, 0, 0, 0, 0, 0, 0, 0, 0]",
5,-0.0644988901913166,2,,"[950, 953]"
6,0.6897555887699127,0,,"[951, 952]"
7,,,"[0, 0, 0, 0, 0, 0, 0, 0, 0, 0, 1110, 0, 0, 0, 0, 0, 0, 0, 0, 0]",
7,,,"[0, 0, 0, 12, 0, 0, 0, 0, 0, 0, 547, 0, 0, 0, 0, 0, 0, 4, 6, 0]",
6,,,"[0, 0, 0, 0, 0, 0, 0, 0, 0, 0, 0, 0, 0, 0, 0, 0, 0, 3, 0, 0]",
