depth,threshold,feature,value
1,-0.03442033752799034,3,
2,0.6171143651008606,1,
3,-0.6583954989910126,3,
4,-0.46734189987182617,2,
5,0.45088015496730804,1,
6,-0.638725757598877,2,
7,0.10658670216798782,1,
8,0.09499865025281906,1,
9,-0.6994324326515198,3,
10,0.09260128811001778,1,
11,,,[ 0.  0. 16.  0.  6.  0.  0.  2.  0.  0.]
11,,,[0. 0. 0. 0. 3. 0. 0. 0. 0. 0.]
10,-0.7265805900096893,2,
11,,,[0. 0. 2. 0. 1. 0. 0. 0. 0. 0.]
11,,,[8. 0. 0. 0. 0. 0. 0. 0. 0. 0.]
9,-0.7025014460086823,2,
10,0.6166757643222809,0,
11,,,[0. 0. 4. 0. 0. 0. 0. 0. 0. 0.]
11,,,[0. 0. 4. 0. 2. 4. 0. 0. 0. 0.]
10,0.5673373639583588,0,
11,,,[ 0.  0.  0.  0.  0.  0. 59.  0.  0.  0.]
11,,,[ 0.  0.  0.  0.  2.  0. 57.  0.  0.  0.]
8,-0.7582777142524719,3,
9,0.6014914810657501,0,
10,0.5115682482719421,0,
11,,,[0. 0. 0. 0. 0. 0. 0. 8. 0. 0.]
11,,,[0. 0. 8. 0. 2. 0. 0. 1. 0. 0.]
10,0.19452756643295288,1,
11,,,[ 0.  0.  0.  0.  0.  0.  0. 10.  0.  0.]
11,,,[ 0.  0.  0.  0.  3.  0.  0. 10.  0.  0.]
9,-0.6648307740688324,2,
10,0.18060285598039627,1,
11,,,[ 0.  8. 35.  0. 55.  3.  0. 11.  0.  0.]
11,,,[ 0.  7. 86.  0. 66.  0.  0. 80.  8.  0.]
10,0.9021758735179901,0,
11,,,[ 0.  0.  0.  0. 27.  0.  0.  6.  0.  0.]
11,,,[0. 0. 1. 0. 0. 6. 0. 0. 0. 0.]
7,0.5086274147033691,0,
8,0.19175668060779572,1,
9,-0.5270581841468811,2,
10,0.11738751456141472,1,
11,,,[ 0.  0.  0.  0. 14.  0.  0.  0.  0.  0.]
11,,,[0. 0. 0. 0. 7. 0. 0. 8. 0. 0.]
10,0.4962691366672516,0,
11,,,[0. 0. 4. 0. 9. 0. 0. 2. 0. 0.]
11,,,[ 0.  0.  0.  0.  0.  0.  0.  0. 12.  0.]
9,0.31504735350608826,1,
10,-0.8674242198467255,3,
11,,,[0. 0. 2. 0. 4. 0. 0. 0. 0. 0.]
11,,,[  0.   0.   6. 106.   6.   2.   0.   1.   0.   0.]
10,0.42169472575187683,1,
11,,,[ 0.  0.  0.  0. 15.  0.  0.  0.  0.  0.]
11,,,[ 0.  0. 10.  0.  6.  0.  0.  5.  0.  0.]
8,0.4271933287382126,1,
9,-0.4824898689985275,2,
10,0.32143500447273254,1,
11,,,[ 32.  23.  59.   0. 165.   0.   0.  98.  48.   0.]
11,,,[ 0. 11. 17.  0. 84.  0.  0. 13.  0.  0.]
10,0.7878891229629517,0,
11,,,[ 0.  2. 13.  0. 12.  4.  0.  9.  0.  0.]
11,,,[ 0.  0.  0.  0.  4.  0.  0.  1.  0. 19.]
9,-0.7906819880008698,3,
10,,,[0. 0. 0. 0. 2. 0. 0. 0. 0. 0.]
10,,,[ 0.  0.  0.  0.  0.  0.  0.  0. 18.  0.]
6,-0.875859260559082,3,
7,0.4676438421010971,0,
8,,,[0. 0. 0. 0. 0. 0. 0. 5. 0. 0.]
8,0.4592346101999283,1,
9,,,[0. 0. 4. 0. 0. 0. 0. 0. 0. 0.]
9,0.49932992458343506,0,
10,,,[ 0.  0.  0.  0.  0.  0. 53.  0.  0.  0.]
10,0.5256055295467377,1,
11,,,[0. 0. 0. 0. 0. 0. 0. 2. 0. 0.]
11,,,[ 0.  0.  0.  0.  0.  0. 48.  0.  0.  0.]
7,0.4511760473251343,1,
8,,,[ 0.  0.  0.  0.  0.  0. 47.  0.  0.  0.]
8,0.6140871644020081,1,
9,0.5823227763175964,1,
10,-0.6648307740688324,2,
11,,,[16.  2. 33.  0.  7.  0.  0.  0. 34.  6.]
11,,,[57.  3. 17.  0. 31.  0.  0. 23. 21.  0.]
10,-0.6901478171348572,2,
11,,,[ 0.  2. 13.  0.  4.  0.  0. 24.  0.  0.]
11,,,[ 0. 10.  6.  0. 34.  0.  0. 14.  9.  0.]
9,,,[ 0.  0.  0.  0.  0.  0.  0.  0. 28.  0.]
5,0.40744633972644806,1,
6,0.5592225193977356,0,
7,-0.8900193572044373,3,
8,-0.09024826809763908,2,
9,0.32558876276016235,1,
10,-0.982780933380127,3,
11,,,[ 0.  2.  1. 34. 15.  0.  0.  6.  0.  0.]
11,,,[ 0. 16. 16.  0. 54.  0.  0. 55.  6.  0.]
10,0.32775096595287323,1,
11,,,[ 0.  0.  0.  0.  0.  0.  0.  0. 13.  0.]
11,,,[ 0. 12.  7.  0. 40.  0.  0.  8. 43.  0.]
9,0.13300977647304535,2,
10,0.513851135969162,0,
11,,,[ 0.  6.  0.  0. 13.  0.  0.  2. 86.  0.]
11,,,[ 0.  9.  0.  0. 18.  0.  0.  3. 14.  0.]
10,0.32285045087337494,1,
11,,,[ 0.  2. 13.  0. 11. 11.  0. 10. 20.  0.]
11,,,[ 0.  0.  7.  0. 21.  1.  0.  4.  0.  0.]
8,0.3337429612874985,0,
9,,,[0. 0. 5. 0. 0. 0. 0. 0. 0. 0.]
9,0.6775144040584564,2,
10,0.38629768788814545,0,
11,,,[0. 0. 0. 0. 1. 0. 0. 0. 0. 0.]
11,,,[ 0.  0.  1.  0.  7.  0.  0.  3. 69.  0.]
10,,,[0. 0. 0. 0. 0. 0. 0. 3. 0. 0.]
7,0.3528430610895157,1,
8,-0.2925895005464554,2,
9,0.1308363676071167,1,
10,-0.9398212432861328,3,
11,,,[ 0.  0.  2.  0. 10.  0. 80.  9.  0.  0.]
11,,,[10.  1.  1.  0. 27.  0. 59.  9. 26.  0.]
10,-0.951021283864975,3,
11,,,[ 0.  7.  0.  0. 23.  0. 60.  7. 12.  0.]
11,,,[ 35.  26.  34.   0. 136.   0.   0.  55.  73.  54.]
9,0.5611035823822021,0,
10,0.56101194024086,0,
11,,,[0. 0. 0. 0. 2. 0. 0. 1. 0. 0.]
11,,,[ 0.  0.  0.  0.  0.  0. 55.  0.  0.  0.]
10,-0.9306894540786743,3,
11,,,[ 36.  36.  31.   0. 342.   1.   0. 174. 196.  27.]
11,,,[23.  4.  6.  0. 38. 13.  0. 99. 31.  0.]
8,-0.05591491982340813,2,
9,-0.982780933380127,3,
10,-0.9941810965538025,3,
11,,,[0. 0. 0. 0. 0. 0. 0. 9. 0. 0.]
11,,,[ 0. 11.  8.  0.  0.  0.  0.  2.  0.  0.]
10,-0.9657041728496552,3,
11,,,[ 0.  0.  3.  0. 11.  0.  0.  5. 35.  0.]
11,,,[ 0.  0.  0.  0. 13.  0.  0.  1.  0.  0.]
9,0.16704543679952621,2,
10,-0.9986575841903687,3,
11,,,[ 0.  0.  0.  0.  0.  0. 62.  0.  0.  0.]
11,,,[ 0.  6.  0.  0.  2.  0. 63.  7.  0.  0.]
10,0.7806318998336792,0,
11,,,[0. 3. 0. 0. 5. 0. 0. 6. 0. 0.]
11,,,[0. 0. 0. 0. 0. 0. 0. 2. 8. 0.]
6,-0.9123663306236267,3,
7,0.6120841801166534,1,
8,-0.35768499970436096,2,
9,0.48608142137527466,1,
10,0.6735681593418121,0,
11,,,[0. 3. 0. 0. 3. 0. 0. 0. 0. 0.]
11,,,[0. 0. 2. 0. 0. 0. 0. 2. 0. 0.]
10,0.49502305686473846,1,
11,,,[ 0.  0.  0.  0.  0.  0.  0.  0. 12.  0.]
11,,,[ 0.  0.  0.  0. 13.  0.  0.  2. 15.  0.]
9,-0.25950218737125397,2,
10,0.4097569137811661,0,
11,,,[0. 0. 0. 0. 4. 0. 0. 5. 0. 0.]
11,,,[ 0.  2.  0.  0. 28.  0.  0.  7.  0.  0.]
10,0.41594353318214417,1,
11,,,[ 0.  0.  0. 22.  6.  0.  0.  5.  0.  0.]
11,,,[13. 16. 13.  0. 57.  0.  0. 43. 38.  0.]
8,0.6123839616775513,1,
9,,,[ 0.  0.  0. 19.  0.  0.  0.  0.  0.  0.]
9,,,[0. 0. 0. 0. 1. 0. 0. 0. 0. 0.]
7,0.521047830581665,0,
8,0.37525469064712524,0,
9,,,[ 0.  0.  0.  0.  0.  0.  0.  0. 12.  0.]
9,0.5060656368732452,0,
10,0.6031230092048645,1,
11,,,[ 0.  4.  0.  0. 12.  0.  0.  1.  0.  0.]
11,,,[0. 0. 0. 0. 0. 0. 0. 3. 0. 0.]
10,,,[0. 0. 0. 0. 0. 0. 0. 0. 8. 0.]
8,0.6007549464702606,0,
9,0.5913234651088715,1,
10,0.019396796822547913,2,
11,,,[ 0.  0.  0. 90.  2.  0.  0.  0.  0.  0.]
11,,,[0. 0. 0. 0. 0. 0. 0. 3. 0. 0.]
10,,,[0. 0. 0. 0. 0. 0. 0. 1. 0. 0.]
9,0.0641746073961258,2,
10,-0.4520554542541504,2,
11,,,[0. 1. 0. 0. 0. 0. 0. 0. 0. 0.]
11,,,[0. 0. 0. 0. 5. 0. 0. 0. 0. 0.]
10,,,[0. 0. 0. 0. 0. 0. 0. 0. 7. 0.]
4,0.5010416507720947,0,
5,-0.13727368414402008,3,
6,-0.2386639267206192,3,
7,-0.8238925039768219,2,
8,0.4061273783445358,0,
9,-0.8860377967357635,2,
10,-0.35366302728652954,3,
11,,,[11.  0. 39.  0.  6.  1.  0. 35.  0.  0.]
11,,,[ 0.  0. 15.  0. 21.  0.  0.  3.  0.  0.]
10,-0.8779275715351105,2,
11,,,[ 0.  0.  5.  0.  4.  0. 61.  0.  0.  0.]
11,,,[17.  1. 33.  0.  9.  8.  0. 14.  0.  0.]
9,0.4921194314956665,0,
10,0.40878045558929443,0,
11,,,[0. 0. 5. 0. 1. 0. 0. 2. 9. 0.]
11,,,[  5.  14. 127.   0.  44.   3.   0.  40.   0.   0.]
10,0.4923250526189804,0,
11,,,[20.  0.  0.  0.  1.  0.  0.  4.  0.  0.]
11,,,[ 0.  1. 23.  0.  8.  1.  0. 15. 14.  7.]
8,-0.8038981854915619,2,
9,0.41754138469696045,0,
10,0.4042005091905594,0,
11,,,[0. 1. 3. 0. 5. 0. 0. 2. 0. 0.]
11,,,[ 0.  0.  0.  0.  2.  0.  0.  2. 15.  0.]
10,0.25319115817546844,1,
11,,,[0. 0. 5. 0. 1. 0. 0. 4. 0. 0.]
11,,,[ 0.  1.  4. 67.  2.  0.  0.  3.  0.  0.]
9,0.008331626653671265,2,
10,-0.6486055552959442,3,
11,,,[37.  0.  4.  0.  2.  0.  0. 13.  0.  0.]
11,,,[15.  3. 20.  0. 12.  0.  0. 16.  0.  0.]
10,0.4486344903707504,1,
11,,,[0. 0. 0. 0. 3. 0. 0. 3. 0. 0.]
11,,,[ 0.  1.  0.  0.  0.  0.  0.  0. 24.  0.]
7,0.47997047007083893,0,
8,0.2506520748138428,0,
9,0.18860603123903275,0,
10,,,[25.  0.  0.  0.  0.  0.  0.  0.  0.  0.]
10,,,[12.  1.  0.  0.  0.  0.  0.  0.  0.  0.]
9,0.4599224030971527,0,
10,-0.21348927915096283,3,
11,,,[7. 3. 1. 0. 0. 0. 0. 0. 0. 0.]
11,,,[ 0.  4. 36.  0.  3.  3.  0.  3.  0.  0.]
10,0.4981106221675873,1,
11,,,[29.  4.  0.  0.  8.  3.  0.  0.  0.  0.]
11,,,[0. 0. 0. 0. 3. 0. 0. 0. 0. 0.]
8,-0.9750284254550934,2,
9,0.4586084634065628,1,
10,-0.9865117371082306,2,
11,,,[0. 0. 1. 0. 0. 0. 0. 0. 0. 0.]
11,,,[ 0.  0.  0. 63.  2.  0.  0.  0.  0.  0.]
10,-0.18821973353624344,3,
11,,,[0. 0. 0. 0. 0. 0. 0. 4. 0. 0.]
11,,,[0. 0. 4. 0. 0. 0. 0. 5. 0. 0.]
9,0.4966253340244293,0,
10,0.4940033107995987,0,
11,,,[0. 0. 0. 0. 1. 0. 0. 1. 0. 0.]
11,,,[0. 0. 5. 0. 0. 0. 0. 0. 0. 0.]
10,,,[9. 0. 0. 0. 0. 0. 0. 0. 0. 0.]
6,0.16199062019586563,1,
7,0.4451689273118973,0,
8,0.11612475663423538,1,
9,0.41576385498046875,0,
10,-0.09448072873055935,3,
11,,,[0. 0. 0. 0. 0. 2. 0. 0. 0. 0.]
11,,,[0. 0. 2. 0. 0. 0. 0. 0. 0. 0.]
10,,,[0. 0. 0. 0. 0. 0. 0. 4. 0. 0.]
9,,,[0. 0. 0. 0. 0. 0. 0. 0. 5. 0.]
8,0.06674297712743282,1,
9,,,[ 0.  0.  0.  0.  0.  0.  0.  0.  0. 22.]
9,0.49394945800304413,0,
10,-0.06879987753927708,3,
11,,,[0. 0. 1. 0. 1. 0. 0. 7. 0. 0.]
11,,,[0. 0. 0. 0. 1. 0. 0. 0. 0. 0.]
10,-0.09452274069190025,3,
11,,,[ 0.  0.  0.  0.  0.  0.  0.  0.  0. 37.]
11,,,[0. 2. 0. 0. 0. 0. 0. 0. 0. 0.]
7,-0.06879987753927708,3,
8,0.4581020623445511,1,
9,0.3108566403388977,1,
10,0.2569012865424156,1,
11,,,[0. 6. 0. 0. 0. 0. 0. 0. 0. 0.]
11,,,[0. 3. 0. 0. 1. 0. 0. 5. 0. 0.]
10,,,[0. 0. 8. 0. 0. 0. 0. 0. 0. 0.]
9,-0.10309787839651108,3,
10,0.3708347678184509,0,
11,,,[0. 0. 0. 0. 2. 1. 0. 0. 0. 0.]
11,,,[0. 7. 0. 0. 0. 0. 0. 0. 0. 0.]
10,0.3456997126340866,0,
11,,,[ 0.  0.  0.  0. 10.  0.  0.  0.  0.  0.]
11,,,[0. 8. 0. 0. 6. 4. 0. 2. 0. 0.]
8,0.45675013959407806,0,
9,-0.051617756485939026,3,
10,0.35830341279506683,0,
11,,,[ 0.  0.  2.  0.  2.  3.  0.  0. 17.  0.]
11,,,[0. 0. 0. 0. 3. 0. 0. 1. 0. 0.]
10,0.5389404892921448,1,
11,,,[0. 9. 0. 0. 0. 0. 0. 0. 0. 0.]
11,,,[0. 0. 4. 0. 0. 0. 0. 2. 0. 0.]
9,0.32940874993801117,1,
10,,,[ 0.  0.  0. 20.  0.  0.  0.  0.  0.  0.]
10,0.4989762306213379,0,
11,,,[0. 0. 0. 0. 2. 0. 0. 1. 0. 0.]
11,,,[0. 0. 0. 0. 0. 0. 0. 0. 7. 0.]
5,0.6678126156330109,0,
6,0.48256199061870575,1,
7,0.262222021818161,1,
8,0.10541094467043877,1,
9,0.6118742823600769,0,
10,0.6106596291065216,0,
11,,,[10.  0. 15.  0.  8.  0.  0. 15.  0.  0.]
11,,,[40.  0.  2.  0.  0.  0.  0.  2.  0.  0.]
10,-0.5874369442462921,3,
11,,,[0. 0. 0. 0. 3. 0. 0. 0. 0. 0.]
11,,,[ 0.  0.  1.  0.  4.  0.  0. 20.  0.  0.]
9,0.19530115276575089,1,
10,0.14729340374469757,1,
11,,,[ 18.   9.  50.   0.  46.   6. 311.   7.   8.   0.]
11,,,[ 41.  15. 136.   0.  33.  11.  67.  37.  30.   9.]
10,0.22544103115797043,1,
11,,,[  0.   2.  15.   0.  10.   0. 322.  14.   0.   0.]
11,,,[  5.   8.  67.  55.  28.   2. 298.  38.  20.  24.]
8,-0.4937572479248047,3,
9,-0.8609291315078735,2,
10,0.38730378448963165,1,
11,,,[0. 0. 2. 0. 4. 0. 0. 0. 7. 0.]
11,,,[ 0.  0.  5.  0.  3.  0. 84.  0.  0.  0.]
10,0.667754203081131,0,
11,,,[76. 20. 73.  0. 58.  6.  0. 44. 34.  0.]
11,,,[ 0.  0.  0.  0.  0.  0. 46.  0.  0.  0.]
9,0.31834952533245087,1,
10,-0.9820892214775085,2,
11,,,[ 0. 10. 13.  0.  4. 16.  0.  3.  5.  0.]
11,,,[ 0.  6. 27.  0.  7.  6.  0. 23.  5. 48.]
10,0.3296073377132416,1,
11,,,[ 29.   1.  45. 166.  16.   7.  57.  11.  18.   0.]
11,,,[ 66.  50. 329. 189. 108.  30.   0. 126.  66.  63.]
7,-0.9986298084259033,2,
8,0.5915203392505646,0,
9,,,[0. 0. 0. 0. 0. 5. 0. 0. 0. 0.]
9,0.48942244052886963,1,
10,,,[ 0.  0.  0.  0.  0.  0. 71.  0.  0.  0.]
10,0.650915116071701,0,
11,,,[0. 0. 0. 0. 1. 0. 0. 0. 0. 0.]
11,,,[ 0.  0.  0.  0.  0.  0. 71.  0.  0.  0.]
8,-0.952342301607132,2,
9,0.5904796421527863,1,
10,-0.9710640907287598,2,
11,,,[28.  9. 18.  0. 10.  2.  0.  6.  0. 46.]
11,,,[ 0.  2. 27.  0.  9.  6.  0. 11.  0.  0.]
10,0.5127776265144348,0,
11,,,[  0.   0.   6.   0.   0.   0. 119.   2.   0.  38.]
11,,,[11.  0.  5.  0.  0.  0.  0.  0.  0. 19.]
9,0.5825672745704651,1,
10,-0.40147311985492706,3,
11,,,[ 12.  12.  24.   0.  17.   0. 197.   9.   0.  14.]
11,,,[ 5.  1.  9.  0.  2.  4.  0. 12. 13.  0.]
10,0.5245152115821838,0,
11,,,[  0.   3.   5.   0.   0.   0. 193.   7.   0.   0.]
11,,,[4. 0. 9. 0. 4. 0. 0. 0. 0. 0.]
6,-0.957449734210968,2,
7,0.4095398783683777,1,
8,0.7846108376979828,0,
9,0.6721042692661285,0,
10,-0.25534383952617645,3,
11,,,[27.  0.  0.  0.  0.  0.  0.  0.  0.  0.]
11,,,[0. 7. 4. 0. 3. 0. 0. 7. 0. 0.]
10,-0.9946339726448059,2,
11,,,[ 5.  7. 50.  0. 20.  0.  0.  7. 26. 16.]
11,,,[ 32.  24.  64.   0.  31.  23.   0.  39.  44. 158.]
9,0.22620433568954468,1,
10,0.12082749605178833,1,
11,,,[ 0.  6. 10.  0.  5.  4. 50.  5.  0.  0.]
11,,,[ 13.  19. 105.   0.  41.  19.   0.  88.  69.  49.]
10,-0.17128679901361465,3,
11,,,[  0.   3.  17.   0.  10.   2. 117.   3.   0.   0.]
11,,,[ 0.  5.  8.  0.  1.  8.  0.  8.  0. 34.]
8,-0.21348927915096283,3,
9,0.44681739807128906,1,
10,-0.25534383952617645,3,
11,,,[0. 0. 0. 0. 1. 0. 0. 0. 0. 0.]
11,,,[ 0.  0.  0.  0.  0.  0. 96.  0.  0.  0.]
10,,,[0. 4. 0. 0. 0. 0. 0. 0. 0. 0.]
9,0.7582796812057495,0,
10,0.4204675257205963,1,
11,,,[0. 0. 4. 0. 0. 0. 0. 0. 0. 0.]
11,,,[0. 2. 0. 0. 2. 3. 0. 0. 0. 0.]
10,-0.9871078729629517,2,
11,,,[0. 0. 1. 0. 1. 0. 0. 0. 0. 0.]
11,,,[ 0.  0.  0.  0.  0.  0.  0.  0.  0. 19.]
7,0.7337896525859833,0,
8,-0.9353333115577698,2,
9,-0.3212577700614929,3,
10,0.6738667786121368,0,
11,,,[0. 0. 0. 0. 0. 0. 0. 2. 0. 0.]
11,,,[ 0.  0. 23.  0.  0.  0.  0.  2.  0.  0.]
10,0.6860503256320953,0,
11,,,[ 0.  0. 16.  0.  0.  0.  0.  2.  0.  0.]
11,,,[0. 3. 7. 0. 8. 0. 0. 4. 0. 0.]
9,-0.8429103195667267,2,
10,0.6816855669021606,0,
11,,,[ 0.  6. 23.  0. 14.  0.  0.  6. 41.  0.]
11,,,[ 0.  4. 67.  0. 13.  0.  0. 31. 23. 31.]
10,0.1423764005303383,1,
11,,,[ 0.  0.  1.  0.  1.  0.  0.  0. 13.  0.]
11,,,[ 0.  4. 14.  0. 29.  0.  0. 18.  0.  0.]
8,0.734912633895874,0,
9,-0.9150163233280182,2,
10,,,[ 0.  0.  0.  0.  0.  0. 65.  0.  0.  0.]
10,,,[0. 0. 0. 0. 0. 0. 0. 7. 0. 0.]
9,-0.8238925039768219,2,
10,-0.4327595680952072,3,
11,,,[25.  9. 72.  0. 56. 37. 48. 65. 21.  0.]
11,,,[ 11.  17. 111.   0.  49.   6.   0.  81.  28.  11.]
10,-0.570237010717392,3,
11,,,[ 23.   4.  49.   0.  54.   3. 133.  47.  19.  17.]
11,,,[ 0.  0.  0.  0.  0.  3.  0. 28.  0.  0.]
3,-0.6870273351669312,3,
4,0.4906827211380005,0,
5,-0.8063604533672333,3,
6,0.3439158648252487,0,
7,0.6776228547096252,1,
8,0.1921156719326973,0,
9,,,[0. 0. 0. 0. 2. 0. 0. 0. 0. 0.]
9,,,[32.  0.  0.  0.  0.  0.  0.  0.  0.  0.]
8,,,[0. 0. 0. 0. 4. 0. 0. 0. 0. 0.]
7,0.7337508201599121,1,
8,-0.05566655658185482,2,
9,0.4706011414527893,0,
10,0.7198644876480103,1,
11,,,[  0.   0.   0. 269.   4.   0.   0.   0.   0.   0.]
11,,,[0. 0. 0. 0. 2. 0. 0. 0. 0. 0.]
10,0.6966468095779419,1,
11,,,[0. 0. 0. 0. 4. 0. 0. 0. 0. 0.]
11,,,[ 0.  0.  0. 40.  0.  0.  0.  0.  0.  0.]
9,,,[0. 0. 0. 0. 0. 0. 0. 1. 0. 0.]
8,0.4050270915031433,0,
9,-0.463469535112381,2,
10,,,[0. 0. 0. 0. 0. 0. 0. 2. 0. 0.]
10,,,[0. 0. 0. 0. 3. 0. 0. 0. 0. 0.]
9,0.4434840530157089,0,
10,,,[ 0.  0.  0.  0.  0.  0.  0.  0. 10.  0.]
10,,,[0. 0. 0. 0. 0. 0. 0. 1. 0. 0.]
6,-0.6118637323379517,2,
7,-0.7747692167758942,3,
8,,,[0. 1. 0. 0. 0. 0. 0. 0. 0. 0.]
8,-0.6838180720806122,2,
9,0.4474397897720337,0,
10,,,[0. 0. 0. 0. 0. 2. 0. 0. 0. 0.]
10,,,[ 0.  0.  0. 48.  0.  0.  0.  0.  0.  0.]
9,0.48018795251846313,0,
10,0.7276602983474731,1,
11,,,[ 0.  0.  0. 52.  0.  0.  0.  0.  0.  0.]
11,,,[0. 0. 0. 0. 2. 0. 0. 0. 0. 0.]
10,,,[0. 0. 4. 0. 0. 0. 0. 0. 0. 0.]
7,,,[ 0.  0.  0. 86.  0.  0.  0.  0.  0.  0.]
5,0.6020435392856598,0,
6,0.673831582069397,1,
7,0.5325618386268616,0,
8,0.6398182809352875,1,
9,0.6197762191295624,1,
10,,,[0. 0. 0. 0. 0. 0. 0. 3. 0. 0.]
10,-0.5081071108579636,2,
11,,,[0. 0. 0. 0. 3. 0. 0. 0. 0. 0.]
11,,,[0. 0. 0. 0. 1. 0. 0. 1. 0. 0.]
9,,,[0. 0. 0. 0. 0. 0. 0. 8. 0. 0.]
8,0.5452297329902649,0,
9,,,[0. 0. 0. 0. 3. 0. 0. 0. 0. 0.]
9,,,[0. 2. 0. 0. 0. 0. 0. 0. 0. 0.]
7,-0.28947366029024124,2,
8,,,[0. 0. 0. 0. 9. 0. 0. 0. 0. 0.]
8,0.7258208096027374,1,
9,,,[0. 0. 0. 0. 3. 0. 0. 0. 0. 0.]
9,,,[0. 0. 0. 0. 0. 0. 0. 2. 0. 0.]
6,0.7174538373947144,1,
7,0.6053652763366699,0,
8,,,[ 0.  0.  0.  0.  0.  0.  0.  0. 14.  0.]
8,,,[0. 0. 0. 0. 0. 0. 0. 1. 0. 0.]
7,-0.8482751250267029,3,
8,-0.9392238259315491,3,
9,0.04731963574886322,2,
10,,,[0. 0. 0. 0. 0. 0. 0. 1. 0. 0.]
10,,,[0. 0. 0. 0. 1. 0. 0. 0. 0. 0.]
9,0.743551105260849,1,
10,,,[0. 0. 4. 0. 0. 0. 0. 0. 0. 0.]
10,,,[0. 0. 0. 0. 1. 0. 0. 0. 0. 0.]
8,,,[ 0.  0.  0.  0.  0.  0.  0. 15.  0.  0.]
4,-0.622023731470108,3,
5,-0.7665452361106873,2,
6,0.6486917734146118,1,
7,,,[0. 0. 0. 0. 0. 0. 0. 0. 8. 0.]
7,0.6692532896995544,1,
8,,,[11.  0.  0.  0.  0.  0.  0.  0.  0.  0.]
8,,,[0. 0. 0. 0. 4. 0. 0. 0. 0. 0.]
6,-0.7382990121841431,2,
7,,,[26.  0.  0.  0.  0.  0.  0.  0.  0.  0.]
7,0.6807333827018738,1,
8,,,[0. 0. 0. 0. 0. 0. 0. 1. 0. 0.]
8,,,[0. 0. 0. 0. 1. 0. 0. 0. 0. 0.]
5,-0.10309787839651108,3,
6,0.5546838939189911,0,
7,0.2950292378664017,0,
8,0.15752432495355606,0,
9,,,[19.  0.  0.  0.  0.  0.  0.  0.  0.  0.]
9,-0.985183596611023,2,
10,,,[0. 0. 0. 0. 0. 3. 0. 0. 0. 0.]
10,0.28728732466697693,0,
11,,,[ 0.  1.  0.  0. 11.  0.  0.  0.  0.  0.]
11,,,[0. 0. 0. 0. 0. 0. 0. 2. 0. 0.]
8,0.7210648953914642,1,
9,-0.793542206287384,2,
10,0.6440416574478149,1,
11,,,[ 0.  8.  7. 60.  7.  0.  0.  4.  0.  0.]
11,,,[  0.   5.   0. 416.   6.   5.   0.   0.   0.   0.]
10,,,[0. 0. 4. 0. 0. 0. 0. 0. 0. 0.]
9,0.7246188521385193,1,
10,-0.16258995980024338,3,
11,,,[0. 0. 0. 0. 3. 0. 0. 0. 0. 0.]
11,,,[9. 0. 0. 0. 0. 0. 0. 0. 0. 0.]
10,0.7254231870174408,1,
11,,,[ 0.  0.  0.  0.  0.  0.  0. 12.  0.  0.]
11,,,[ 0.  6.  6.  0. 13.  0.  0.  4.  0.  0.]
7,0.6163730621337891,0,
8,0.6084688007831573,0,
9,0.7012248933315277,1,
10,-0.18816396594047546,3,
11,,,[0. 0. 5. 0. 9. 0. 0. 1. 0. 0.]
11,,,[0. 6. 4. 0. 0. 0. 0. 0. 0. 0.]
10,0.595631867647171,0,
11,,,[ 0.  1.  0.  0.  0.  0.  0. 14.  0.  0.]
11,,,[0. 0. 6. 0. 0. 3. 0. 4. 0. 0.]
9,-0.3108366131782532,3,
10,-0.5009447932243347,3,
11,,,[0. 0. 0. 0. 5. 0. 0. 0. 0. 0.]
11,,,[0. 0. 2. 0. 2. 2. 0. 0. 0. 0.]
10,,,[0. 0. 0. 0. 6. 0. 0. 0. 0. 0.]
8,0.6209536790847778,0,
9,,,[13.  0.  0.  0.  0.  0.  0.  0.  0.  0.]
9,,,[0. 0. 0. 0. 2. 0. 0. 0. 0. 0.]
6,0.446705624461174,0,
7,-0.051617756485939026,3,
8,0.40160611271858215,0,
9,-0.9968534409999847,2,
10,,,[ 0.  0.  0. 37.  2.  0.  0.  0.  0.  0.]
10,0.7221628725528717,1,
11,,,[0. 0. 0. 0. 0. 0. 0. 1. 0. 0.]
11,,,[0. 0. 0. 0. 1. 0. 0. 0. 0. 0.]
9,0.43025627732276917,0,
10,,,[ 0.  0.  0.  0.  0.  0.  0.  0.  0. 24.]
10,,,[0. 0. 0. 0. 0. 1. 0. 0. 0. 0.]
8,0.7223478853702545,1,
9,,,[ 0.  0.  0. 38.  0.  0.  0.  0.  0.  0.]
9,,,[0. 3. 0. 0. 0. 0. 0. 0. 0. 0.]
7,0.7365943491458893,1,
8,0.6959369778633118,1,
9,0.5356176197528839,0,
10,,,[0. 0. 0. 0. 0. 0. 0. 5. 0. 0.]
10,,,[0. 4. 0. 0. 0. 0. 0. 0. 0. 0.]
9,0.5449530184268951,0,
10,0.6987943649291992,1,
11,,,[0. 1. 0. 0. 0. 2. 0. 0. 0. 0.]
11,,,[0. 0. 0. 0. 0. 9. 0. 0. 0. 0.]
10,,,[0. 0. 0. 0. 5. 0. 0. 0. 0. 0.]
8,0.7441242039203644,1,
9,,,[ 0.  0.  0.  0.  0.  0.  0.  0. 11.  0.]
9,,,[0. 0. 0. 0. 1. 0. 0. 0. 0. 0.]
2,0.6457614004611969,1,
3,0.13300977647304535,2,
4,-0.6118637323379517,2,
5,-0.9291070103645325,2,
6,0.2569814473390579,1,
7,0.6249576807022095,0,
8,0.6101824939250946,0,
9,0.18415917456150055,1,
10,0.2386639267206192,3,
11,,,[30. 45. 66.  0. 25. 32. 63. 33. 38. 31.]
11,,,[  6.  69.  27.   0.  10.  34.   0.  11.  14. 102.]
10,-0.952342301607132,2,
11,,,[ 0. 18.  8. 95.  6. 20.  0.  3.  0.  0.]
11,,,[0. 8. 0. 0. 0. 3. 0. 4. 0. 0.]
9,0.10291462577879429,3,
10,0.19800658524036407,1,
11,,,[  0.   0.   1.   0.   0.   0. 141.   0.   0.   0.]
11,,,[0. 2. 1. 0. 1. 0. 0. 0. 0. 0.]
10,-0.952342301607132,2,
11,,,[10.  4.  0.  0.  1. 22.  0.  0.  0.  0.]
11,,,[ 0.  1.  2.  0.  1.  0.  0.  0.  0. 19.]
8,0.7452998459339142,0,
9,-0.985183596611023,2,
10,0.18253006786108017,1,
11,,,[ 0. 20.  8.  0. 13. 11.  0.  7. 35. 94.]
11,,,[18. 19.  8.  0.  4.  3.  0.  5.  0.  0.]
10,0.0934612974524498,1,
11,,,[ 0. 10.  0.  0.  2.  0.  0.  0.  0.  0.]
11,,,[  0.  39.  31.   0.  18.  40.   0.   1.   0. 251.]
9,0.7899293601512909,0,
10,0.13153748214244843,1,
11,,,[54.  3.  3.  0.  2. 14.  0.  7.  0.  0.]
11,,,[22. 18. 24.  0.  9. 47.  0. 16.  0. 35.]
10,-0.952342301607132,2,
11,,,[103.  85.  75.   0.  52. 118.   0.  62. 117. 384.]
11,,,[28. 27. 16.  0. 17. 44.  0. 13. 10. 23.]
7,0.6372741460800171,0,
8,0.6235867440700531,0,
9,0.2616980969905853,1,
10,0.5603175759315491,0,
11,,,[  0.   6.   0. 344.   0.  11.   0.   0.   8.   0.]
11,,,[0. 6. 0. 0. 1. 2. 0. 1. 0. 0.]
10,0.20509690046310425,3,
11,,,[108. 237.  90. 327.  71. 116.   0.  46.  18. 300.]
11,,,[164. 404. 133.  74.  65. 232.  62.  70.   0. 171.]
9,0.6297164261341095,0,
10,0.03442033752799034,3,
11,,,[0. 0. 1. 0. 0. 0. 0. 3. 0. 0.]
11,,,[ 11.  19.   2. 371.   1.   7.   0.   2.   0.   0.]
10,0.17128679901361465,3,
11,,,[ 0.  5.  0. 72.  3.  4.  0. 10.  9.  0.]
11,,,[ 0. 23.  0.  0.  8.  0.  0.  2.  0.  0.]
8,0.7546131014823914,0,
9,0.5180703103542328,1,
10,0.7073590457439423,0,
11,,,[ 93. 342.  91.   0.  26.  96.   0.  45.  37.  53.]
11,,,[95. 82. 35.  0. 29. 49.  0. 19.  0.  9.]
10,-0.9495771527290344,2,
11,,,[0. 8. 4. 0. 2. 7. 0. 2. 0. 0.]
11,,,[ 0.  0.  0.  0.  1.  0. 55.  0.  0.  0.]
9,0.9966394603252411,0,
10,-0.9879860579967499,2,
11,,,[  0.   7.  17.   0.   6.  10.   0.  13.   0. 125.]
11,,,[49. 47. 42.  0. 13. 46. 59. 13.  0. 83.]
10,-0.9733220636844635,2,
11,,,[ 0.  0.  0.  0.  0.  0. 65.  0.  0.  0.]
11,,,[0. 0. 3. 0. 0. 0. 0. 0. 0. 0.]
6,0.2563077211380005,1,
7,-0.9014683067798615,2,
8,-0.9158303439617157,2,
9,-0.9226053655147552,2,
10,0.22000133991241455,1,
11,,,[ 0. 13. 18.  0.  6. 48.  0. 10.  5. 10.]
11,,,[ 0. 14.  3.  0.  0.  0.  0.  0.  0.  0.]
10,0.09917343035340309,1,
11,,,[16.  2.  0.  0.  0.  0.  0.  0.  0.  0.]
11,,,[ 0. 19.  8.  0.  7. 25.  0.  6. 10. 83.]
9,0.17430831491947174,1,
10,0.6083538830280304,0,
11,,,[ 0.  9. 10.  0.  2. 24.  0.  1.  0.  0.]
11,,,[ 0. 11.  5.  0.  4. 37.  0.  7.  0. 88.]
10,0.6138102412223816,0,
11,,,[ 0.  4.  0.  0.  1. 12.  0.  4.  0.  0.]
11,,,[  0.   8.   3.   0.   2.  10. 234.   1.   0.   0.]
8,0.5476850271224976,0,
9,0.17415517568588257,1,
10,0.03755982778966427,1,
11,,,[42.  2. 18.  0.  4.  8.  0.  9.  0.  0.]
11,,,[ 66.  21.  43.   0.  35. 141.   0.  12.   0.   0.]
10,-0.8088971376419067,2,
11,,,[29.  1.  4.  0.  7. 15.  0.  1.  0.  0.]
11,,,[  0.   5.   8.   0.  14.  10. 134.   3.   0.   0.]
9,0.08698513731360435,1,
10,0.08495311066508293,1,
11,,,[ 0.  4.  0.  0.  2. 17.  0.  7.  0. 20.]
11,,,[ 0.  0.  0.  0.  0.  0. 87.  0.  0.  0.]
10,0.6637206971645355,0,
11,,,[ 41. 186.  64.   0.  38. 276.   0.  23.  15.  28.]
11,,,[ 92. 183. 123.   0. 127. 542.   0. 138.  15. 396.]
7,0.42550845444202423,1,
8,0.478716105222702,3,
9,0.6233870685100555,0,
10,0.26002272963523865,1,
11,,,[ 9.  3.  0. 44.  0.  4.  0.  0.  0.  0.]
11,,,[ 32. 224.  61.   0.  11.  79.   0.  26.  11.  15.]
10,0.6515865325927734,0,
11,,,[  0.  19.   1. 257.   3.  15.   0.   1.  12.   0.]
11,,,[ 0. 97. 15.  0. 20. 76. 79. 15.  0. 17.]
9,-0.6648307740688324,2,
10,0.4026925265789032,0,
11,,,[ 0.  0.  0. 39.  3.  7.  0.  1.  0.  0.]
11,,,[ 96. 518. 224.  34. 135. 505.  48.  79.  42. 159.]
10,0.5195050537586212,0,
11,,,[ 0.  4.  6.  0.  2.  0. 71.  3.  0.  0.]
11,,,[18. 34. 12.  0. 12. 49.  0. 13.  0.  0.]
8,0.512843668460846,0,
9,-0.6253874003887177,2,
10,0.5012588351964951,1,
11,,,[214.  79.  22. 146.  45. 164. 155.  42.  11.   0.]
11,,,[ 62. 237.  57.   0.  64. 133.   0.  18.  13.  39.]
10,0.5799517929553986,1,
11,,,[0. 4. 0. 0. 4. 0. 0. 0. 0. 0.]
11,,,[ 0.  1.  2. 23.  2.  0.  0.  4.  0.  0.]
9,0.5830450654029846,0,
10,0.4614320546388626,1,
11,,,[32. 44. 24.  0.  2. 36.  0. 11.  0.  0.]
11,,,[382.  86.  35.  27.  42. 120.   0.  31.   0.  20.]
10,0.6433852910995483,0,
11,,,[ 0.  8.  5.  0. 14.  2.  0.  0.  0.  0.]
11,,,[31. 76. 16.  0. 13. 98.  0. 11. 10. 25.]
5,0.649479329586029,0,
6,0.951021283864975,3,
7,0.9398212432861328,3,
8,0.6172036826610565,0,
9,0.3709487169981003,1,
10,-0.4974948763847351,2,
11,,,[ 34.  41.  68.   0.  95. 107.   0.  63.   0.  21.]
11,,,[373.  52. 184.   0. 288. 168.   0. 176. 117.  71.]
10,0.8840347826480865,3,
11,,,[246.  58.  66.   0.  71. 111.  43.  45.  14.  15.]
11,,,[129.  29.  23.  75.  47.  18.   0.  57.  72.  54.]
9,-0.4520554542541504,2,
10,0.8214461207389832,3,
11,,,[ 0.  3.  2. 36.  6.  3.  0.  2.  0.  0.]
11,,,[ 55.  10.  26. 125.  36.  49.   0.  16.   9.  43.]
10,0.27479416131973267,1,
11,,,[ 9.  2.  8.  0. 24.  7.  0. 17.  0.  0.]
11,,,[49. 12.  0.  0.  8. 12.  0. 12.  0. 31.]
8,0.12670671194791794,1,
9,0.11768759787082672,1,
10,0.6215865314006805,0,
11,,,[0. 0. 0. 0. 2. 0. 0. 0. 0. 0.]
11,,,[0. 0. 1. 0. 0. 1. 0. 1. 0. 0.]
10,,,[  0.   0.   0.   0.   0.   0. 129.   0.   0.   0.]
9,0.5062433779239655,1,
10,0.9455613493919373,3,
11,,,[37.  1. 19.  0. 16. 14.  0.  5.  7. 29.]
11,,,[48.  4.  6.  0. 12.  2.  0.  2.  0.  0.]
10,0.5781350433826447,0,
11,,,[ 0.  0.  2.  0.  2.  4.  0.  4. 18.  0.]
11,,,[ 0.  0.  0.  0.  2. 14.  0.  0.  0.  0.]
7,0.43859797716140747,1,
8,0.2921028286218643,0,
9,0.020717025734484196,1,
10,0.2878843694925308,0,
11,,,[0. 0. 0. 0. 0. 0. 0. 3. 0. 0.]
11,,,[ 0.  0.  0.  0.  0.  0.  0.  0. 20.  0.]
10,,,[ 0.  0.  0.  0.  0.  0.  0.  0. 27.  0.]
9,-0.1755249872803688,2,
10,0.34100258350372314,1,
11,,,[ 43.  26.  59.   0.  64.  61.   0.  71. 103. 171.]
11,,,[37. 21. 37.  0. 29. 19.  0. 42.  0. 19.]
10,0.34207016229629517,1,
11,,,[162.  51.  84.  40.  39. 103.   0. 106. 209.  55.]
11,,,[27. 34. 52.  0. 22. 17.  0. 63. 38. 97.]
8,0.20937839895486832,0,
9,0.9932200610637665,3,
10,0.20156142115592957,0,
11,,,[17.  0.  0.  0.  0.  0.  0.  0.  0.  0.]
11,,,[16.  0.  0.  0.  2.  0.  0.  0.  0.  0.]
10,0.45089422166347504,1,
11,,,[0. 0. 0. 0. 0. 0. 0. 3. 0. 0.]
11,,,[0. 0. 0. 0. 5. 0. 0. 2. 0. 0.]
9,0.9962889552116394,3,
10,0.46323010325431824,1,
11,,,[ 52.   5.   8. 132.   3.   6.   0.   6.  12.   9.]
11,,,[85. 68. 18. 90. 14. 28.  0. 69. 54. 30.]
10,0.49695026874542236,0,
11,,,[ 0.  9. 13.  0.  6. 17.  0. 18.  0. 13.]
11,,,[19.  6.  6.  0.  2.  2.  0. 29.  0.  0.]
6,0.2992754131555557,1,
7,0.8919483125209808,3,
8,0.7516507208347321,0,
9,0.7403088808059692,0,
10,0.7322148382663727,0,
11,,,[15. 11. 12.  0. 29. 17.  0. 22.  9.  0.]
11,,,[ 0.  0.  0.  0.  0. 18.  0.  0.  0.  0.]
10,0.13422826305031776,1,
11,,,[0. 0. 0. 0. 1. 0. 0. 0. 0. 0.]
11,,,[  0.   0.   0.   0.   0.   0. 126.   0.   0.   0.]
9,0.22746264934539795,1,
10,0.20290684700012207,1,
11,,,[32. 12. 22.  0. 81. 37.  0. 58.  0.  0.]
11,,,[ 0.  2.  4.  0.  5. 24.  0.  0.  0.  0.]
10,-0.5702211558818817,2,
11,,,[28.  0.  0.  0.  0.  0.  0.  0.  8.  0.]
11,,,[0. 0. 4. 0. 4. 4. 0. 9. 0. 0.]
8,0.26429329812526703,1,
9,0.9069802165031433,3,
10,0.9303635060787201,0,
11,,,[ 18.   2.  13.   0.  29.  24.   0.  30.   0. 140.]
11,,,[6. 0. 3. 0. 7. 0. 0. 0. 0. 0.]
10,0.8512278199195862,0,
11,,,[201.  35. 150.   0. 173.  70.   0. 251. 164. 361.]
11,,,[ 8.  3. 44.  0. 42.  9.  0. 42.  4. 11.]
9,0.9700279831886292,3,
10,0.6947762668132782,0,
11,,,[12.  4.  0.  0.  2.  0.  0.  5.  0.  9.]
11,,,[12.  7.  9.  0.  3.  6.  0. 10. 88.  0.]
10,0.07305181212723255,2,
11,,,[13.  3.  7.  0. 15.  9.  0. 19.  0.  0.]
11,,,[ 0.  0.  0.  0.  0. 17.  0.  2.  0.  0.]
7,0.9700279831886292,3,
8,0.657638430595398,0,
9,-0.4209604859352112,2,
10,0.6574505865573883,0,
11,,,[12.  3.  3.  0.  7.  8.  0.  8.  0.  0.]
11,,,[ 0.  0.  0.  0.  0.  0.  0.  0.  0. 14.]
10,0.34855301678180695,1,
11,,,[0. 3. 0. 0. 1. 0. 0. 0. 0. 0.]
11,,,[ 0.  0.  5.  0.  1.  0.  0.  3.  0. 39.]
9,-0.4824898689985275,2,
10,-0.555996835231781,2,
11,,,[ 9.  7.  1.  0.  6. 18.  0.  0.  0.  0.]
11,,,[ 0.  1. 16.  0.  4.  0.  0. 35.  9. 43.]
10,0.6615374386310577,0,
11,,,[  0.   4.   0.   0.   4.   2. 207.   9.   0.  18.]
11,,,[  5.   9.  29.   0.  55.  13. 183.  40.  21.  24.]
8,0.7561839818954468,0,
9,-0.03872084617614746,2,
10,-0.22610731422901154,2,
11,,,[ 0.  0.  3.  0.  1.  2.  0.  1. 12. 24.]
11,,,[ 0.  5.  6.  0. 18. 10.  0. 40. 17. 22.]
10,0.9993981420993805,3,
11,,,[ 0. 16.  3.  0.  2.  3.  0.  8.  0.  0.]
11,,,[23.  5.  9.  0.  0. 12.  0. 11.  0.  0.]
9,0.7825221121311188,0,
10,0.36161084473133087,1,
11,,,[ 0.  0.  0.  0.  4.  0.  0.  4.  0. 59.]
11,,,[0. 5. 0. 0. 0. 0. 0. 0. 0. 0.]
10,0.40253908932209015,1,
11,,,[0. 0. 2. 0. 4. 0. 0. 1. 0. 0.]
11,,,[0. 0. 0. 0. 0. 0. 0. 5. 0. 0.]
4,0.9679019451141357,3,
5,0.04390737973153591,1,
6,0.4900105148553848,2,
7,0.4595794826745987,2,
8,0.3623513728380203,0,
9,0.3293944299221039,0,
10,,,[0. 0. 1. 0. 0. 0. 0. 0. 0. 0.]
10,,,[0. 0. 0. 0. 0. 0. 0. 1. 0. 0.]
9,,,[0. 0. 4. 0. 0. 0. 0. 0. 0. 0.]
8,,,[0. 0. 0. 0. 0. 0. 0. 2. 0. 0.]
7,0.6453242003917694,2,
8,0.29621024429798126,0,
9,0.016733687138184905,1,
10,,,[ 0.  0.  0.  0.  0.  0.  0.  0. 30.  0.]
10,,,[0. 0. 1. 0. 0. 0. 0. 0. 0. 0.]
9,,,[ 0.  0.  0.  0.  0.  0.  0.  0. 65.  0.]
8,0.6892532408237457,2,
9,,,[0. 0. 3. 0. 0. 0. 0. 0. 0. 0.]
9,,,[ 0.  0.  0.  0.  0.  0.  0.  0. 26.  0.]
6,0.845217764377594,3,
7,0.37612253427505493,1,
8,0.7908665835857391,0,
9,0.22151260823011398,1,
10,0.7176503241062164,3,
11,,,[  0.   6.   4.   0.   0.   0.   0.  52. 101.   0.]
11,,,[ 0. 22.  8.  0.  1. 20.  0. 78. 81.  0.]
10,0.7141852080821991,0,
11,,,[  0.  18.  11.   0.   0.   7.   0.  20. 149.   0.]
11,,,[0. 0. 0. 0. 0. 0. 0. 4. 0. 0.]
9,0.7908284664154053,3,
10,0.8338163793087006,0,
11,,,[  0.   0.   0.   0.   1.   1.   0.  29. 123.   0.]
11,,,[13.  2.  0.  0.  0.  3.  0. 20. 16.  0.]
10,0.09438523650169373,1,
11,,,[0. 0. 2. 0. 0. 0. 0. 1. 0. 0.]
11,,,[  0.   0.   0.   0.   0.   0.   0.   7. 249.   0.]
8,0.5074655562639236,3,
9,0.524248868227005,0,
10,0.9863474071025848,2,
11,,,[ 0.  0.  0.  0.  0.  0.  0.  0. 20.  0.]
11,,,[0. 0. 0. 0. 0. 0. 0. 1. 0. 0.]
10,,,[0. 2. 0. 0. 0. 0. 0. 0. 0. 0.]
9,0.6822093725204468,0,
10,0.39823079109191895,0,
11,,,[0. 9. 7. 0. 0. 3. 0. 3. 0. 0.]
11,,,[ 0. 17.  0.  0.  0.  0.  0.  4.  0.  0.]
10,0.3951250910758972,1,
11,,,[0. 0. 0. 0. 0. 0. 0. 7. 0. 0.]
11,,,[0. 1. 0. 0. 0. 0. 0. 0. 0. 0.]
7,0.6377590894699097,0,
8,0.5049423575401306,2,
9,0.5897034704685211,0,
10,0.09216596558690071,1,
11,,,[ 0.  0.  0.  0.  0.  4.  0. 13.  0.  0.]
11,,,[  0.  30.  12.   0.   1.  51.   0.  79. 269.   0.]
10,0.24897857010364532,1,
11,,,[ 0.  0.  0.  0.  0.  6.  0. 17.  0.  0.]
11,,,[ 0. 20.  8.  0.  0.  6.  0. 14.  0.  0.]
9,0.581007570028305,1,
10,0.5946913361549377,0,
11,,,[ 0. 18.  7.  0.  0.  0.  0.  3.  0.  0.]
11,,,[0. 0. 0. 0. 0. 0. 0. 4. 0. 0.]
10,,,[ 0.  0.  0.  0.  0.  0.  0.  0. 12.  0.]
8,0.1892510950565338,1,
9,0.09165915474295616,1,
10,,,[ 0.  0.  0.  0.  0.  0.  0. 16.  0.  0.]
10,0.12254103273153305,1,
11,,,[ 0.  0.  0.  0.  0. 11.  0.  7. 78.  5.]
11,,,[ 0. 13. 15.  0.  1. 11.  0. 40. 72. 46.]
9,0.8994975984096527,3,
10,0.5122955143451691,2,
11,,,[0. 0. 0. 0. 0. 0. 0. 6. 0. 0.]
11,,,[ 0.  0.  0.  0.  0.  1.  0.  3. 11.  0.]
10,0.751639187335968,0,
11,,,[  0.   6.   3.   0.   0.   3.   0.  16. 209.   0.]
11,,,[ 0.  1.  2.  0.  0.  7.  0. 20. 50.  0.]
5,0.23448270559310913,2,
6,0.3553692549467087,1,
7,0.19610343128442764,1,
8,0.20088311284780502,2,
9,0.15641021728515625,1,
10,0.14802899956703186,1,
11,,,[ 0.  4.  7.  0.  1. 17.  0. 21. 70.  0.]
11,,,[12.  0.  2.  0.  3.  0.  0. 28. 20. 40.]
10,0.5198602378368378,0,
11,,,[0. 3. 0. 0. 0. 0. 0. 0. 0. 0.]
11,,,[ 0.  0.  2.  0.  5.  4.  0.  6. 66.  0.]
9,0.44713255763053894,0,
10,0.9759744107723236,3,
11,,,[0. 0. 0. 0. 0. 4. 0. 0. 0. 0.]
11,,,[0. 0. 1. 0. 0. 0. 0. 0. 0. 0.]
10,0.6201452016830444,0,
11,,,[ 0.  0.  0.  0.  0.  0.  0.  1. 61.  0.]
11,,,[0. 1. 0. 0. 0. 0. 0. 2. 0. 0.]
8,0.4879775643348694,0,
9,0.9795774221420288,3,
10,0.9759744107723236,3,
11,,,[0. 0. 0. 0. 1. 1. 0. 0. 0. 0.]
11,,,[0. 3. 0. 0. 0. 0. 0. 0. 0. 0.]
10,0.205425925552845,1,
11,,,[0. 0. 0. 0. 0. 5. 0. 2. 0. 0.]
11,,,[ 0.  0.  0.  0.  0. 15.  0.  1.  0.  0.]
9,0.7637290060520172,0,
10,0.6079278290271759,0,
11,,,[ 0. 19. 14.  0.  0. 12.  0. 18. 22.  0.]
11,,,[ 0. 17. 12.  0.  0.  5.  0. 28. 92.  0.]
10,0.8051875829696655,0,
11,,,[ 0.  0. 17.  0.  0.  0.  0.  0.  0.  0.]
11,,,[ 0.  3.  1.  0.  0. 11.  0. 11.  7. 21.]
7,0.4927297383546829,0,
8,0.4535965472459793,1,
9,0.16704543679952621,2,
10,,,[ 0.  0.  0.  0.  0. 12.  0.  0.  0.  0.]
10,0.18399153649806976,2,
11,,,[ 0.  0.  0.  0.  3.  0.  0.  0. 18.  0.]
11,,,[0. 0. 1. 0. 0. 1. 0. 0. 0. 0.]
9,0.39501453936100006,0,
10,0.18399153649806976,2,
11,,,[ 0. 12.  1.  0.  0.  0.  0.  1.  0.  0.]
11,,,[0. 0. 0. 0. 0. 0. 0. 5. 0. 0.]
10,0.19242306798696518,2,
11,,,[0. 0. 0. 0. 3. 9. 0. 0. 0. 0.]
11,,,[0. 5. 0. 0. 0. 0. 0. 0. 0. 0.]
8,0.6648380160331726,0,
9,0.42763155698776245,1,
10,0.985911637544632,3,
11,,,[ 0.  4.  6.  0.  1.  7.  0. 24.  0.  0.]
11,,,[ 0.  3.  0.  0.  0.  0.  0. 18.  0.  0.]
10,0.9759744107723236,3,
11,,,[0. 0. 2. 0. 0. 0. 0. 7. 0. 0.]
11,,,[ 0.  3.  0.  0.  0. 15.  0.  4.  5.  0.]
9,0.6966625452041626,0,
10,,,[ 0.  0.  0.  0.  0. 13.  0.  0.  0.  0.]
10,0.9838904142379761,3,
11,,,[0. 1. 0. 0. 0. 0. 0. 0. 0. 0.]
11,,,[0. 0. 0. 0. 0. 0. 0. 5. 0. 0.]
6,0.7885178625583649,0,
7,0.4519769102334976,0,
8,0.28271766752004623,1,
9,,,[0. 0. 2. 0. 0. 0. 0. 0. 0. 0.]
9,,,[0. 0. 5. 0. 0. 0. 0. 2. 0. 0.]
8,0.7739840745925903,0,
9,0.23628182709217072,1,
10,0.7631557285785675,0,
11,,,[ 0.  2.  1.  0.  0. 17.  0. 11.  0.  0.]
11,,,[0. 2. 0. 0. 0. 0. 0. 0. 0. 0.]
10,0.31318680942058563,1,
11,,,[ 0.  0.  2.  0.  0.  2.  0.  2. 23.  0.]
11,,,[ 0. 13.  1.  0.  0.  9.  0.  6.  7.  0.]
9,,,[0. 0. 0. 0. 0. 0. 0. 5. 0. 0.]
7,0.8172682225704193,0,
8,,,[ 0.  0.  0.  0.  0.  0.  0.  0.  0. 14.]
8,,,[0. 0. 0. 0. 0. 0. 0. 4. 0. 0.]
3,0.7270126938819885,1,
4,0.5323641002178192,0,
5,-0.5340558886528015,2,
6,-0.9014683067798615,2,
7,-0.9710640907287598,2,
8,0.2393094189465046,0,
9,,,[0. 0. 7. 0. 0. 0. 0. 0. 0. 0.]
9,0.44950948655605316,0,
10,-0.017212719190865755,3,
11,,,[0. 0. 0. 0. 0. 5. 0. 0. 0. 0.]
11,,,[  6.   0.   0. 284.   0.   6.   0.   0.   0.   0.]
10,0.7004884779453278,1,
11,,,[0. 9. 0. 0. 3. 5. 0. 0. 0. 0.]
11,,,[ 0.  5.  0. 56.  0. 14.  0.  0.  0.  0.]
8,0.4509173482656479,0,
9,-0.9187412261962891,2,
10,,,[29.  0.  0.  0.  0.  0.  0.  0.  0.  0.]
10,,,[0. 0. 0. 0. 0. 1. 0. 0. 0. 0.]
9,-0.940692275762558,2,
10,,,[0. 0. 0. 0. 1. 0. 0. 0. 0. 0.]
10,,,[0. 0. 0. 0. 0. 8. 0. 0. 0. 0.]
7,0.33515481650829315,0,
8,,,[0. 0. 0. 0. 3. 0. 0. 0. 0. 0.]
8,0.44821274280548096,3,
9,0.39638809859752655,0,
10,,,[0. 0. 0. 0. 0. 3. 0. 0. 0. 0.]
10,,,[ 0.  0.  0. 41.  0.  0.  0.  0.  0.  0.]
9,0.47528211772441864,0,
10,0.657756894826889,1,
11,,,[0. 0. 0. 0. 1. 0. 0. 0. 0. 0.]
11,,,[  0.   0.   0. 380.   0.   0.   0.   0.   0.   0.]
10,0.6726859211921692,1,
11,,,[0. 0. 0. 0. 2. 0. 0. 0. 0. 0.]
11,,,[ 0.  0.  0. 42.  0.  0.  0.  0.  0.  0.]
6,0.6476453542709351,1,
7,,,[0. 0. 0. 0. 0. 0. 0. 5. 0. 0.]
7,0.6796593964099884,1,
8,,,[0. 0. 0. 0. 3. 0. 0. 0. 0. 0.]
8,,,[0. 0. 0. 0. 0. 3. 0. 0. 0. 0.]
5,0.6504992544651031,1,
6,,,[ 0.  0.  0.  0.  0.  0.  0.  0. 17.  0.]
6,-0.36550578474998474,2,
7,0.604605495929718,0,
8,0.7107223570346832,1,
9,0.6533351242542267,1,
10,0.54937843978405,3,
11,,,[0. 0. 0. 0. 0. 6. 0. 0. 0. 0.]
11,,,[0. 3. 0. 0. 0. 0. 0. 0. 0. 0.]
10,0.0,3,
11,,,[0. 0. 2. 0. 0. 0. 0. 2. 0. 0.]
11,,,[ 0. 34.  2.  0.  9.  2.  0.  7.  0.  0.]
9,-0.9267760813236237,2,
10,,,[0. 0. 0. 0. 1. 0. 0. 0. 0. 0.]
10,,,[0. 0. 0. 0. 0. 4. 0. 0. 0. 0.]
8,0.6066910028457642,0,
9,-0.9725416600704193,2,
10,,,[0. 0. 0. 0. 0. 2. 0. 0. 0. 0.]
10,,,[0. 0. 0. 0. 0. 0. 0. 9. 0. 0.]
9,0.5759684890508652,3,
10,,,[0. 0. 2. 0. 0. 0. 0. 0. 0. 0.]
10,0.6111513376235962,0,
11,,,[0. 0. 0. 0. 0. 2. 0. 0. 0. 0.]
11,,,[0. 1. 0. 0. 0. 0. 0. 0. 0. 0.]
7,0.6680408418178558,1,
8,0.6600556075572968,1,
9,,,[0. 0. 0. 0. 0. 0. 0. 1. 0. 0.]
9,,,[18.  0.  0.  0.  0.  0.  0.  0.  0.  0.]
8,-0.2760867476463318,2,
9,,,[0. 0. 0. 0. 0. 3. 0. 0. 0. 0.]
9,-0.055865219328552485,2,
10,-0.2428407296538353,2,
11,,,[0. 0. 2. 0. 1. 0. 0. 0. 0. 0.]
11,,,[0. 2. 0. 0. 0. 0. 0. 5. 0. 0.]
10,,,[0. 0. 4. 0. 0. 0. 0. 0. 0. 0.]
4,-0.9937498569488525,2,
5,0.7498235106468201,1,
6,-0.9989260733127594,2,
7,0.7426629662513733,1,
8,,,[0. 0. 0. 0. 1. 0. 0. 0. 0. 0.]
8,,,[0. 2. 0. 0. 0. 0. 0. 0. 0. 0.]
7,,,[0. 2. 0. 0. 0. 0. 0. 0. 0. 0.]
6,0.7504437267780304,1,
7,,,[0. 0. 0. 0. 0. 0. 0. 1. 0. 0.]
7,,,[0. 1. 0. 0. 0. 0. 0. 0. 0. 0.]
5,0.1712360382080078,3,
6,0.7353503704071045,1,
7,,,[0. 0. 0. 0. 0. 3. 0. 0. 0. 0.]
7,,,[10.  0.  0.  0.  0.  0.  0.  0.  0.  0.]
6,0.933945506811142,1,
7,0.3922570198774338,0,
8,0.386042058467865,0,
9,0.9356323182582855,3,
10,0.7511542439460754,1,
11,,,[0. 0. 0. 0. 1. 5. 0. 0. 0. 0.]
11,,,[0. 0. 0. 0. 4. 0. 0. 0. 0. 0.]
10,0.7689215540885925,1,
11,,,[0. 1. 0. 0. 0. 0. 0. 0. 0. 0.]
11,,,[0. 0. 0. 0. 0. 3. 0. 0. 0. 0.]
9,,,[ 0.  0.  0.  0.  0. 19.  0.  0.  0.  0.]
8,0.4327595680952072,3,
9,-0.9191497564315796,2,
10,-0.9506495296955109,2,
11,,,[0. 3. 1. 0. 2. 1. 0. 0. 0. 0.]
11,,,[ 0.  0.  0.  0.  0. 10.  0.  0.  0.  0.]
10,0.7686547935009003,1,
11,,,[0. 0. 3. 0. 0. 0. 0. 0. 0. 0.]
11,,,[0. 0. 0. 0. 1. 0. 0. 0. 0. 0.]
9,-0.4623651057481766,2,
10,0.6164544522762299,0,
11,,,[27.  0.  0.  0.  0.  0.  0.  3.  0.  0.]
11,,,[0. 0. 0. 0. 0. 2. 0. 0. 0. 0.]
10,0.6237147152423859,0,
11,,,[0. 0. 0. 0. 1. 0. 0. 2. 0. 0.]
11,,,[0. 0. 0. 0. 0. 4. 0. 0. 0. 0.]
7,,,[ 0.  0.  0.  0.  0.  0.  0.  0. 12.  0.]
